Gene	Species	FirstName	SecondName	SubstVec	TotalDiv	NewDistance
ND6	Coereba_flaveola	RN_12	RN_9	39:GCG>ACG;69:GAG>GAA;77:GGG>GGA;	3	A>T:58;Synon:0;Non_Synon:1,E>E:0;Synon:1;Non_Synon:1,G>G:0;Synon:2;Non_Synon:1
ND6	Coereba_flaveola	RN_12	RN_36	2:GTC>GTT;14:GGT>AGC;30:GCG>GTG;39:GCG>ATG;62:GGG>GGA;77:GGG>GGA;86:TTT>CTT;89:TTA>CTA;102:GCA>GCG;	9	V>V:0;Synon:1;Non_Synon:0,G>S:56;Synon:1;Non_Synon:1,A>M:84;Synon:1;Non_Synon:2,A>M:84;Synon:1;Non_Synon:3,G>G:0;Synon:2;Non_Synon:3,G>G:0;Synon:3;Non_Synon:3,F>L:22;Synon:3;Non_Synon:4,L>L:0;Synon:4;Non_Synon:4,A>A:0;Synon:5;Non_Synon:4
ND6	Coereba_flaveola	RN_12	RN_26	4:CTG>TTG;15:AAT>AGT;16:TTT>TCT;30:GCG>GTG;31:GTA>GTG;33:CTT>TTT;34:GTG>ATG;36:AGT>AGC;38:ACG>ATG;39:GCG>ATG;41:GCG>TCG;48:GTT>GTG;53:TTG>CTG;68:TCA>TCG;71:GTG>GTT;77:GGG>GGA;79:TGA>TGG;83:TTG>TTA;93:CGG>CGA;95:TTA>TTG;	20	L>L:0;Synon:1;Non_Synon:0,N>S:46;Synon:1;Non_Synon:1,F>S:155;Synon:1;Non_Synon:2,A>M:84;Synon:1;Non_Synon:3,V>M:21;Synon:1;Non_Synon:4,L>F:22;Synon:1;Non_Synon:5,M>M:0;Synon:2;Non_Synon:5,S>S:0;Synon:3;Non_Synon:5,T>M:81;Synon:3;Non_Synon:6,A>M:84;Synon:3;Non_Synon:7,A>S:99;Synon:3;Non_Synon:8,V>M:21;Synon:3;Non_Synon:9,L>L:0;Synon:4;Non_Synon:9,S>S:0;Synon:5;Non_Synon:9,M>V:21;Synon:5;Non_Synon:10,G>G:0;Synon:6;Non_Synon:10,W>W:0;Synon:7;Non_Synon:10,L>L:0;Synon:8;Non_Synon:10,R>R:0;Synon:9;Non_Synon:10,L>L:0;Synon:10;Non_Synon:10
ND6	Coereba_flaveola	RN_12	RN_6	2:GTC>GTT;15:AAT>AGT;30:GCG>GTG;38:ACG>ATA;39:GCG>ATG;42:TTG>TTA;53:TTG>CTG;62:GGG>GGT;68:TCA>TCG;72:GGG>GGA;77:GGG>GGA;79:TGA>TGG;83:TTG>TTA;88:GTG>GTT;98:GGG>GGA;	15	V>V:0;Synon:1;Non_Synon:0,N>S:46;Synon:1;Non_Synon:1,A>M:84;Synon:1;Non_Synon:2,T>M:81;Synon:1;Non_Synon:3,A>M:84;Synon:1;Non_Synon:4,L>L:0;Synon:2;Non_Synon:4,L>L:0;Synon:3;Non_Synon:4,G>G:0;Synon:4;Non_Synon:4,S>S:0;Synon:5;Non_Synon:4,G>G:0;Synon:6;Non_Synon:4,G>G:0;Synon:7;Non_Synon:4,W>W:0;Synon:8;Non_Synon:4,L>L:0;Synon:9;Non_Synon:4,M>V:21;Synon:9;Non_Synon:5,G>G:0;Synon:10;Non_Synon:5
ND6	Coereba_flaveola	RN_12	RN_5	15:AAT>AGT;28:GTT>GTC;30:GCG>GTG;38:ACG>ATA;39:GCG>ATG;42:TTG>TTA;53:TTG>CTG;62:GGG>GGT;68:TCA>TCG;77:GGG>GGA;79:TGA>TGG;83:TTG>TTA;88:GTG>GTT;98:GGG>GGA;	14	N>S:46;Synon:0;Non_Synon:1,V>V:0;Synon:1;Non_Synon:1,A>M:84;Synon:1;Non_Synon:2,T>M:81;Synon:1;Non_Synon:3,A>M:84;Synon:1;Non_Synon:4,L>L:0;Synon:2;Non_Synon:4,L>L:0;Synon:3;Non_Synon:4,G>G:0;Synon:4;Non_Synon:4,S>S:0;Synon:5;Non_Synon:4,G>G:0;Synon:6;Non_Synon:4,W>W:0;Synon:7;Non_Synon:4,L>L:0;Synon:8;Non_Synon:4,M>V:21;Synon:8;Non_Synon:5,G>G:0;Synon:9;Non_Synon:5
ND6	Coereba_flaveola	RN_12	RN_24	2:GTC>GTT;15:AAT>AGT;30:GCG>GTG;38:ACG>ATA;39:GCG>ATG;40:GGG>GGA;41:GCG>GGG;62:GGG>GGT;68:TCA>TCG;77:GGG>GGA;83:TTG>TTA;88:GTG>GTT;98:GGG>GGA;	13	V>V:0;Synon:1;Non_Synon:0,N>S:46;Synon:1;Non_Synon:1,A>M:84;Synon:1;Non_Synon:2,T>M:81;Synon:1;Non_Synon:3,A>M:84;Synon:1;Non_Synon:4,G>G:0;Synon:2;Non_Synon:4,A>G:60;Synon:2;Non_Synon:5,G>G:0;Synon:3;Non_Synon:5,S>S:0;Synon:4;Non_Synon:5,G>G:0;Synon:5;Non_Synon:5,L>L:0;Synon:6;Non_Synon:5,M>V:21;Synon:6;Non_Synon:6,G>G:0;Synon:7;Non_Synon:6
ND6	Coereba_flaveola	RN_12	RN_19	2:GTC>GTT;10:CCG>CCA;30:GCG>GTG;39:GCG>ATG;51:GGG>GGA;77:GGG>GGA;	6	V>V:0;Synon:1;Non_Synon:0,P>P:0;Synon:2;Non_Synon:0,A>M:84;Synon:2;Non_Synon:1,A>M:84;Synon:2;Non_Synon:2,G>G:0;Synon:3;Non_Synon:2,G>G:0;Synon:4;Non_Synon:2
ND6	Coereba_flaveola	RN_12	RN_3	39:GCG>ACG;69:GAG>GAA;77:GGG>GGA;	3	A>T:58;Synon:0;Non_Synon:1,E>E:0;Synon:1;Non_Synon:1,G>G:0;Synon:2;Non_Synon:1
ND6	Coereba_flaveola	RN_12	RN_14		0	
ND6	Coereba_flaveola	RN_9	RN_36	2:GTC>GTT;14:GGT>AGC;30:GCG>GTG;39:ACG>ATG;62:GGG>GGA;69:GAA>GAG;86:TTT>CTT;89:TTA>CTA;102:GCA>GCG;	9	V>V:0;Synon:1;Non_Synon:0,G>S:56;Synon:1;Non_Synon:1,A>M:84;Synon:1;Non_Synon:2,T>M:81;Synon:1;Non_Synon:3,G>G:0;Synon:2;Non_Synon:3,E>E:0;Synon:3;Non_Synon:3,F>L:22;Synon:3;Non_Synon:4,L>L:0;Synon:4;Non_Synon:4,A>A:0;Synon:5;Non_Synon:4
ND6	Coereba_flaveola	RN_9	RN_26	4:CTG>TTG;15:AAT>AGT;16:TTT>TCT;30:GCG>GTG;31:GTA>GTG;33:CTT>TTT;34:GTG>ATG;36:AGT>AGC;38:ACG>ATG;39:ACG>ATG;41:GCG>TCG;48:GTT>GTG;53:TTG>CTG;68:TCA>TCG;69:GAA>GAG;71:GTG>GTT;79:TGA>TGG;83:TTG>TTA;93:CGG>CGA;95:TTA>TTG;	20	L>L:0;Synon:1;Non_Synon:0,N>S:46;Synon:1;Non_Synon:1,F>S:155;Synon:1;Non_Synon:2,A>M:84;Synon:1;Non_Synon:3,V>M:21;Synon:1;Non_Synon:4,L>F:22;Synon:1;Non_Synon:5,M>M:0;Synon:2;Non_Synon:5,S>S:0;Synon:3;Non_Synon:5,T>M:81;Synon:3;Non_Synon:6,T>M:81;Synon:3;Non_Synon:7,A>S:99;Synon:3;Non_Synon:8,V>M:21;Synon:3;Non_Synon:9,L>L:0;Synon:4;Non_Synon:9,S>S:0;Synon:5;Non_Synon:9,E>E:0;Synon:6;Non_Synon:9,M>V:21;Synon:6;Non_Synon:10,W>W:0;Synon:7;Non_Synon:10,L>L:0;Synon:8;Non_Synon:10,R>R:0;Synon:9;Non_Synon:10,L>L:0;Synon:10;Non_Synon:10
ND6	Coereba_flaveola	RN_9	RN_6	2:GTC>GTT;15:AAT>AGT;30:GCG>GTG;38:ACG>ATA;39:ACG>ATG;42:TTG>TTA;53:TTG>CTG;62:GGG>GGT;68:TCA>TCG;69:GAA>GAG;72:GGG>GGA;79:TGA>TGG;83:TTG>TTA;88:GTG>GTT;98:GGG>GGA;	15	V>V:0;Synon:1;Non_Synon:0,N>S:46;Synon:1;Non_Synon:1,A>M:84;Synon:1;Non_Synon:2,T>M:81;Synon:1;Non_Synon:3,T>M:81;Synon:1;Non_Synon:4,L>L:0;Synon:2;Non_Synon:4,L>L:0;Synon:3;Non_Synon:4,G>G:0;Synon:4;Non_Synon:4,S>S:0;Synon:5;Non_Synon:4,E>E:0;Synon:6;Non_Synon:4,G>G:0;Synon:7;Non_Synon:4,W>W:0;Synon:8;Non_Synon:4,L>L:0;Synon:9;Non_Synon:4,M>V:21;Synon:9;Non_Synon:5,G>G:0;Synon:10;Non_Synon:5
ND6	Coereba_flaveola	RN_9	RN_5	15:AAT>AGT;28:GTT>GTC;30:GCG>GTG;38:ACG>ATA;39:ACG>ATG;42:TTG>TTA;53:TTG>CTG;62:GGG>GGT;68:TCA>TCG;69:GAA>GAG;79:TGA>TGG;83:TTG>TTA;88:GTG>GTT;98:GGG>GGA;	14	N>S:46;Synon:0;Non_Synon:1,V>V:0;Synon:1;Non_Synon:1,A>M:84;Synon:1;Non_Synon:2,T>M:81;Synon:1;Non_Synon:3,T>M:81;Synon:1;Non_Synon:4,L>L:0;Synon:2;Non_Synon:4,L>L:0;Synon:3;Non_Synon:4,G>G:0;Synon:4;Non_Synon:4,S>S:0;Synon:5;Non_Synon:4,E>E:0;Synon:6;Non_Synon:4,W>W:0;Synon:7;Non_Synon:4,L>L:0;Synon:8;Non_Synon:4,M>V:21;Synon:8;Non_Synon:5,G>G:0;Synon:9;Non_Synon:5
ND6	Coereba_flaveola	RN_9	RN_24	2:GTC>GTT;15:AAT>AGT;30:GCG>GTG;38:ACG>ATA;39:ACG>ATG;40:GGG>GGA;41:GCG>GGG;62:GGG>GGT;68:TCA>TCG;69:GAA>GAG;83:TTG>TTA;88:GTG>GTT;98:GGG>GGA;	13	V>V:0;Synon:1;Non_Synon:0,N>S:46;Synon:1;Non_Synon:1,A>M:84;Synon:1;Non_Synon:2,T>M:81;Synon:1;Non_Synon:3,T>M:81;Synon:1;Non_Synon:4,G>G:0;Synon:2;Non_Synon:4,A>G:60;Synon:2;Non_Synon:5,G>G:0;Synon:3;Non_Synon:5,S>S:0;Synon:4;Non_Synon:5,E>E:0;Synon:5;Non_Synon:5,L>L:0;Synon:6;Non_Synon:5,M>V:21;Synon:6;Non_Synon:6,G>G:0;Synon:7;Non_Synon:6
ND6	Coereba_flaveola	RN_9	RN_19	2:GTC>GTT;10:CCG>CCA;30:GCG>GTG;39:ACG>ATG;51:GGG>GGA;69:GAA>GAG;	6	V>V:0;Synon:1;Non_Synon:0,P>P:0;Synon:2;Non_Synon:0,A>M:84;Synon:2;Non_Synon:1,T>M:81;Synon:2;Non_Synon:2,G>G:0;Synon:3;Non_Synon:2,E>E:0;Synon:4;Non_Synon:2
ND6	Coereba_flaveola	RN_9	RN_3		0	
ND6	Coereba_flaveola	RN_9	RN_14	39:ACG>GCG;69:GAA>GAG;77:GGA>GGG;	3	T>A:58;Synon:0;Non_Synon:1,E>E:0;Synon:1;Non_Synon:1,G>G:0;Synon:2;Non_Synon:1
ND6	Coereba_flaveola	RN_36	RN_26	2:GTT>GTC;4:CTG>TTG;14:AGC>GGT;15:AAT>AGT;16:TTT>TCT;31:GTA>GTG;33:CTT>TTT;34:GTG>ATG;36:AGT>AGC;38:ACG>ATG;41:GCG>TCG;48:GTT>GTG;53:TTG>CTG;62:GGA>GGG;68:TCA>TCG;71:GTG>GTT;79:TGA>TGG;83:TTG>TTA;86:CTT>TTT;89:CTA>TTA;93:CGG>CGA;95:TTA>TTG;102:GCG>GCA;	23	V>V:0;Synon:1;Non_Synon:0,L>L:0;Synon:2;Non_Synon:0,S>G:56;Synon:2;Non_Synon:1,N>S:46;Synon:2;Non_Synon:2,F>S:155;Synon:2;Non_Synon:3,V>M:21;Synon:2;Non_Synon:4,L>F:22;Synon:2;Non_Synon:5,M>M:0;Synon:3;Non_Synon:5,S>S:0;Synon:4;Non_Synon:5,T>M:81;Synon:4;Non_Synon:6,A>S:99;Synon:4;Non_Synon:7,V>M:21;Synon:4;Non_Synon:8,L>L:0;Synon:5;Non_Synon:8,G>G:0;Synon:6;Non_Synon:8,S>S:0;Synon:7;Non_Synon:8,M>V:21;Synon:7;Non_Synon:9,W>W:0;Synon:8;Non_Synon:9,L>L:0;Synon:9;Non_Synon:9,L>F:22;Synon:9;Non_Synon:10,L>L:0;Synon:10;Non_Synon:10,R>R:0;Synon:11;Non_Synon:10,L>L:0;Synon:12;Non_Synon:10,A>A:0;Synon:13;Non_Synon:10
ND6	Coereba_flaveola	RN_36	RN_6	14:AGC>GGT;15:AAT>AGT;38:ACG>ATA;42:TTG>TTA;53:TTG>CTG;62:GGA>GGT;68:TCA>TCG;72:GGG>GGA;79:TGA>TGG;83:TTG>TTA;86:CTT>TTT;88:GTG>GTT;89:CTA>TTA;98:GGG>GGA;102:GCG>GCA;	15	S>G:56;Synon:0;Non_Synon:1,N>S:46;Synon:0;Non_Synon:2,T>M:81;Synon:0;Non_Synon:3,L>L:0;Synon:1;Non_Synon:3,L>L:0;Synon:2;Non_Synon:3,G>G:0;Synon:3;Non_Synon:3,S>S:0;Synon:4;Non_Synon:3,G>G:0;Synon:5;Non_Synon:3,W>W:0;Synon:6;Non_Synon:3,L>L:0;Synon:7;Non_Synon:3,L>F:22;Synon:7;Non_Synon:4,M>V:21;Synon:7;Non_Synon:5,L>L:0;Synon:8;Non_Synon:5,G>G:0;Synon:9;Non_Synon:5,A>A:0;Synon:10;Non_Synon:5
ND6	Coereba_flaveola	RN_36	RN_5	2:GTT>GTC;14:AGC>GGT;15:AAT>AGT;28:GTT>GTC;38:ACG>ATA;42:TTG>TTA;53:TTG>CTG;62:GGA>GGT;68:TCA>TCG;79:TGA>TGG;83:TTG>TTA;86:CTT>TTT;88:GTG>GTT;89:CTA>TTA;98:GGG>GGA;102:GCG>GCA;	16	V>V:0;Synon:1;Non_Synon:0,S>G:56;Synon:1;Non_Synon:1,N>S:46;Synon:1;Non_Synon:2,V>V:0;Synon:2;Non_Synon:2,T>M:81;Synon:2;Non_Synon:3,L>L:0;Synon:3;Non_Synon:3,L>L:0;Synon:4;Non_Synon:3,G>G:0;Synon:5;Non_Synon:3,S>S:0;Synon:6;Non_Synon:3,W>W:0;Synon:7;Non_Synon:3,L>L:0;Synon:8;Non_Synon:3,L>F:22;Synon:8;Non_Synon:4,M>V:21;Synon:8;Non_Synon:5,L>L:0;Synon:9;Non_Synon:5,G>G:0;Synon:10;Non_Synon:5,A>A:0;Synon:11;Non_Synon:5
ND6	Coereba_flaveola	RN_36	RN_24	14:AGC>GGT;15:AAT>AGT;38:ACG>ATA;40:GGG>GGA;41:GCG>GGG;62:GGA>GGT;68:TCA>TCG;83:TTG>TTA;86:CTT>TTT;88:GTG>GTT;89:CTA>TTA;98:GGG>GGA;102:GCG>GCA;	13	S>G:56;Synon:0;Non_Synon:1,N>S:46;Synon:0;Non_Synon:2,T>M:81;Synon:0;Non_Synon:3,G>G:0;Synon:1;Non_Synon:3,A>G:60;Synon:1;Non_Synon:4,G>G:0;Synon:2;Non_Synon:4,S>S:0;Synon:3;Non_Synon:4,L>L:0;Synon:4;Non_Synon:4,L>F:22;Synon:4;Non_Synon:5,M>V:21;Synon:4;Non_Synon:6,L>L:0;Synon:5;Non_Synon:6,G>G:0;Synon:6;Non_Synon:6,A>A:0;Synon:7;Non_Synon:6
ND6	Coereba_flaveola	RN_36	RN_19	10:CCG>CCA;14:AGC>GGT;51:GGG>GGA;62:GGA>GGG;86:CTT>TTT;89:CTA>TTA;102:GCG>GCA;	7	P>P:0;Synon:1;Non_Synon:0,S>G:56;Synon:1;Non_Synon:1,G>G:0;Synon:2;Non_Synon:1,G>G:0;Synon:3;Non_Synon:1,L>F:22;Synon:3;Non_Synon:2,L>L:0;Synon:4;Non_Synon:2,A>A:0;Synon:5;Non_Synon:2
ND6	Coereba_flaveola	RN_36	RN_3	2:GTT>GTC;14:AGC>GGT;30:GTG>GCG;39:ATG>ACG;62:GGA>GGG;69:GAG>GAA;86:CTT>TTT;89:CTA>TTA;102:GCG>GCA;	9	V>V:0;Synon:1;Non_Synon:0,S>G:56;Synon:1;Non_Synon:1,M>A:84;Synon:1;Non_Synon:2,M>T:81;Synon:1;Non_Synon:3,G>G:0;Synon:2;Non_Synon:3,E>E:0;Synon:3;Non_Synon:3,L>F:22;Synon:3;Non_Synon:4,L>L:0;Synon:4;Non_Synon:4,A>A:0;Synon:5;Non_Synon:4
ND6	Coereba_flaveola	RN_36	RN_14	2:GTT>GTC;14:AGC>GGT;30:GTG>GCG;39:ATG>GCG;62:GGA>GGG;77:GGA>GGG;86:CTT>TTT;89:CTA>TTA;102:GCG>GCA;	9	V>V:0;Synon:1;Non_Synon:0,S>G:56;Synon:1;Non_Synon:1,M>A:84;Synon:1;Non_Synon:2,M>A:84;Synon:1;Non_Synon:3,G>G:0;Synon:2;Non_Synon:3,G>G:0;Synon:3;Non_Synon:3,L>F:22;Synon:3;Non_Synon:4,L>L:0;Synon:4;Non_Synon:4,A>A:0;Synon:5;Non_Synon:4
ND6	Coereba_flaveola	RN_26	RN_6	2:GTC>GTT;4:TTG>CTG;16:TCT>TTT;31:GTG>GTA;33:TTT>CTT;34:ATG>GTG;36:AGC>AGT;38:ATG>ATA;41:TCG>GCG;42:TTG>TTA;48:GTG>GTT;62:GGG>GGT;71:GTT>GTG;72:GGG>GGA;88:GTG>GTT;93:CGA>CGG;95:TTG>TTA;98:GGG>GGA;	18	V>V:0;Synon:1;Non_Synon:0,L>L:0;Synon:2;Non_Synon:0,S>F:155;Synon:2;Non_Synon:1,M>V:21;Synon:2;Non_Synon:2,F>L:22;Synon:2;Non_Synon:3,M>M:0;Synon:3;Non_Synon:3,S>S:0;Synon:4;Non_Synon:3,M>M:0;Synon:5;Non_Synon:3,S>A:99;Synon:5;Non_Synon:4,L>L:0;Synon:6;Non_Synon:4,M>V:21;Synon:6;Non_Synon:5,G>G:0;Synon:7;Non_Synon:5,V>M:21;Synon:7;Non_Synon:6,G>G:0;Synon:8;Non_Synon:6,M>V:21;Synon:8;Non_Synon:7,R>R:0;Synon:9;Non_Synon:7,L>L:0;Synon:10;Non_Synon:7,G>G:0;Synon:11;Non_Synon:7
ND6	Coereba_flaveola	RN_26	RN_5	4:TTG>CTG;16:TCT>TTT;28:GTT>GTC;31:GTG>GTA;33:TTT>CTT;34:ATG>GTG;36:AGC>AGT;38:ATG>ATA;41:TCG>GCG;42:TTG>TTA;48:GTG>GTT;62:GGG>GGT;71:GTT>GTG;88:GTG>GTT;93:CGA>CGG;95:TTG>TTA;98:GGG>GGA;	17	L>L:0;Synon:1;Non_Synon:0,S>F:155;Synon:1;Non_Synon:1,V>V:0;Synon:2;Non_Synon:1,M>V:21;Synon:2;Non_Synon:2,F>L:22;Synon:2;Non_Synon:3,M>M:0;Synon:3;Non_Synon:3,S>S:0;Synon:4;Non_Synon:3,M>M:0;Synon:5;Non_Synon:3,S>A:99;Synon:5;Non_Synon:4,L>L:0;Synon:6;Non_Synon:4,M>V:21;Synon:6;Non_Synon:5,G>G:0;Synon:7;Non_Synon:5,V>M:21;Synon:7;Non_Synon:6,M>V:21;Synon:7;Non_Synon:7,R>R:0;Synon:8;Non_Synon:7,L>L:0;Synon:9;Non_Synon:7,G>G:0;Synon:10;Non_Synon:7
ND6	Coereba_flaveola	RN_26	RN_24	2:GTC>GTT;4:TTG>CTG;16:TCT>TTT;31:GTG>GTA;33:TTT>CTT;34:ATG>GTG;36:AGC>AGT;38:ATG>ATA;40:GGG>GGA;41:TCG>GGG;48:GTG>GTT;53:CTG>TTG;62:GGG>GGT;71:GTT>GTG;79:TGG>TGA;88:GTG>GTT;93:CGA>CGG;95:TTG>TTA;98:GGG>GGA;	19	V>V:0;Synon:1;Non_Synon:0,L>L:0;Synon:2;Non_Synon:0,S>F:155;Synon:2;Non_Synon:1,M>V:21;Synon:2;Non_Synon:2,F>L:22;Synon:2;Non_Synon:3,M>M:0;Synon:3;Non_Synon:3,S>S:0;Synon:4;Non_Synon:3,M>M:0;Synon:5;Non_Synon:3,G>G:0;Synon:6;Non_Synon:3,S>G:56;Synon:6;Non_Synon:4,M>V:21;Synon:6;Non_Synon:5,L>L:0;Synon:7;Non_Synon:5,G>G:0;Synon:8;Non_Synon:5,V>M:21;Synon:8;Non_Synon:6,W>W:0;Synon:9;Non_Synon:6,M>V:21;Synon:9;Non_Synon:7,R>R:0;Synon:10;Non_Synon:7,L>L:0;Synon:11;Non_Synon:7,G>G:0;Synon:12;Non_Synon:7
ND6	Coereba_flaveola	RN_26	RN_19	2:GTC>GTT;4:TTG>CTG;10:CCG>CCA;15:AGT>AAT;16:TCT>TTT;31:GTG>GTA;33:TTT>CTT;34:ATG>GTG;36:AGC>AGT;38:ATG>ACG;41:TCG>GCG;48:GTG>GTT;51:GGG>GGA;53:CTG>TTG;68:TCG>TCA;71:GTT>GTG;79:TGG>TGA;83:TTA>TTG;93:CGA>CGG;95:TTG>TTA;	20	V>V:0;Synon:1;Non_Synon:0,L>L:0;Synon:2;Non_Synon:0,P>P:0;Synon:3;Non_Synon:0,S>N:46;Synon:3;Non_Synon:1,S>F:155;Synon:3;Non_Synon:2,M>V:21;Synon:3;Non_Synon:3,F>L:22;Synon:3;Non_Synon:4,M>M:0;Synon:4;Non_Synon:4,S>S:0;Synon:5;Non_Synon:4,M>T:81;Synon:5;Non_Synon:5,S>A:99;Synon:5;Non_Synon:6,M>V:21;Synon:5;Non_Synon:7,G>G:0;Synon:6;Non_Synon:7,L>L:0;Synon:7;Non_Synon:7,S>S:0;Synon:8;Non_Synon:7,V>M:21;Synon:8;Non_Synon:8,W>W:0;Synon:9;Non_Synon:8,L>L:0;Synon:10;Non_Synon:8,R>R:0;Synon:11;Non_Synon:8,L>L:0;Synon:12;Non_Synon:8
ND6	Coereba_flaveola	RN_26	RN_3	4:TTG>CTG;15:AGT>AAT;16:TCT>TTT;30:GTG>GCG;31:GTG>GTA;33:TTT>CTT;34:ATG>GTG;36:AGC>AGT;38:ATG>ACG;39:ATG>ACG;41:TCG>GCG;48:GTG>GTT;53:CTG>TTG;68:TCG>TCA;69:GAG>GAA;71:GTT>GTG;79:TGG>TGA;83:TTA>TTG;93:CGA>CGG;95:TTG>TTA;	20	L>L:0;Synon:1;Non_Synon:0,S>N:46;Synon:1;Non_Synon:1,S>F:155;Synon:1;Non_Synon:2,M>A:84;Synon:1;Non_Synon:3,M>V:21;Synon:1;Non_Synon:4,F>L:22;Synon:1;Non_Synon:5,M>M:0;Synon:2;Non_Synon:5,S>S:0;Synon:3;Non_Synon:5,M>T:81;Synon:3;Non_Synon:6,M>T:81;Synon:3;Non_Synon:7,S>A:99;Synon:3;Non_Synon:8,M>V:21;Synon:3;Non_Synon:9,L>L:0;Synon:4;Non_Synon:9,S>S:0;Synon:5;Non_Synon:9,E>E:0;Synon:6;Non_Synon:9,V>M:21;Synon:6;Non_Synon:10,W>W:0;Synon:7;Non_Synon:10,L>L:0;Synon:8;Non_Synon:10,R>R:0;Synon:9;Non_Synon:10,L>L:0;Synon:10;Non_Synon:10
ND6	Coereba_flaveola	RN_26	RN_14	4:TTG>CTG;15:AGT>AAT;16:TCT>TTT;30:GTG>GCG;31:GTG>GTA;33:TTT>CTT;34:ATG>GTG;36:AGC>AGT;38:ATG>ACG;39:ATG>GCG;41:TCG>GCG;48:GTG>GTT;53:CTG>TTG;68:TCG>TCA;71:GTT>GTG;77:GGA>GGG;79:TGG>TGA;83:TTA>TTG;93:CGA>CGG;95:TTG>TTA;	20	L>L:0;Synon:1;Non_Synon:0,S>N:46;Synon:1;Non_Synon:1,S>F:155;Synon:1;Non_Synon:2,M>A:84;Synon:1;Non_Synon:3,M>V:21;Synon:1;Non_Synon:4,F>L:22;Synon:1;Non_Synon:5,M>M:0;Synon:2;Non_Synon:5,S>S:0;Synon:3;Non_Synon:5,M>T:81;Synon:3;Non_Synon:6,M>A:84;Synon:3;Non_Synon:7,S>A:99;Synon:3;Non_Synon:8,M>V:21;Synon:3;Non_Synon:9,L>L:0;Synon:4;Non_Synon:9,S>S:0;Synon:5;Non_Synon:9,V>M:21;Synon:5;Non_Synon:10,G>G:0;Synon:6;Non_Synon:10,W>W:0;Synon:7;Non_Synon:10,L>L:0;Synon:8;Non_Synon:10,R>R:0;Synon:9;Non_Synon:10,L>L:0;Synon:10;Non_Synon:10
ND6	Coereba_flaveola	RN_6	RN_5	2:GTT>GTC;28:GTT>GTC;72:GGA>GGG;	3	V>V:0;Synon:1;Non_Synon:0,V>V:0;Synon:2;Non_Synon:0,G>G:0;Synon:3;Non_Synon:0
ND6	Coereba_flaveola	RN_6	RN_24	40:GGG>GGA;41:GCG>GGG;42:TTA>TTG;53:CTG>TTG;72:GGA>GGG;79:TGG>TGA;	6	G>G:0;Synon:1;Non_Synon:0,A>G:60;Synon:1;Non_Synon:1,L>L:0;Synon:2;Non_Synon:1,L>L:0;Synon:3;Non_Synon:1,G>G:0;Synon:4;Non_Synon:1,W>W:0;Synon:5;Non_Synon:1
ND6	Coereba_flaveola	RN_6	RN_19	10:CCG>CCA;15:AGT>AAT;38:ATA>ACG;42:TTA>TTG;51:GGG>GGA;53:CTG>TTG;62:GGT>GGG;68:TCG>TCA;72:GGA>GGG;79:TGG>TGA;83:TTA>TTG;88:GTT>GTG;98:GGA>GGG;	13	P>P:0;Synon:1;Non_Synon:0,S>N:46;Synon:1;Non_Synon:1,M>T:81;Synon:1;Non_Synon:2,L>L:0;Synon:2;Non_Synon:2,G>G:0;Synon:3;Non_Synon:2,L>L:0;Synon:4;Non_Synon:2,G>G:0;Synon:5;Non_Synon:2,S>S:0;Synon:6;Non_Synon:2,G>G:0;Synon:7;Non_Synon:2,W>W:0;Synon:8;Non_Synon:2,L>L:0;Synon:9;Non_Synon:2,V>M:21;Synon:9;Non_Synon:3,G>G:0;Synon:10;Non_Synon:3
ND6	Coereba_flaveola	RN_6	RN_3	2:GTT>GTC;15:AGT>AAT;30:GTG>GCG;38:ATA>ACG;39:ATG>ACG;42:TTA>TTG;53:CTG>TTG;62:GGT>GGG;68:TCG>TCA;69:GAG>GAA;72:GGA>GGG;79:TGG>TGA;83:TTA>TTG;88:GTT>GTG;98:GGA>GGG;	15	V>V:0;Synon:1;Non_Synon:0,S>N:46;Synon:1;Non_Synon:1,M>A:84;Synon:1;Non_Synon:2,M>T:81;Synon:1;Non_Synon:3,M>T:81;Synon:1;Non_Synon:4,L>L:0;Synon:2;Non_Synon:4,L>L:0;Synon:3;Non_Synon:4,G>G:0;Synon:4;Non_Synon:4,S>S:0;Synon:5;Non_Synon:4,E>E:0;Synon:6;Non_Synon:4,G>G:0;Synon:7;Non_Synon:4,W>W:0;Synon:8;Non_Synon:4,L>L:0;Synon:9;Non_Synon:4,V>M:21;Synon:9;Non_Synon:5,G>G:0;Synon:10;Non_Synon:5
ND6	Coereba_flaveola	RN_6	RN_14	2:GTT>GTC;15:AGT>AAT;30:GTG>GCG;38:ATA>ACG;39:ATG>GCG;42:TTA>TTG;53:CTG>TTG;62:GGT>GGG;68:TCG>TCA;72:GGA>GGG;77:GGA>GGG;79:TGG>TGA;83:TTA>TTG;88:GTT>GTG;98:GGA>GGG;	15	V>V:0;Synon:1;Non_Synon:0,S>N:46;Synon:1;Non_Synon:1,M>A:84;Synon:1;Non_Synon:2,M>T:81;Synon:1;Non_Synon:3,M>A:84;Synon:1;Non_Synon:4,L>L:0;Synon:2;Non_Synon:4,L>L:0;Synon:3;Non_Synon:4,G>G:0;Synon:4;Non_Synon:4,S>S:0;Synon:5;Non_Synon:4,G>G:0;Synon:6;Non_Synon:4,G>G:0;Synon:7;Non_Synon:4,W>W:0;Synon:8;Non_Synon:4,L>L:0;Synon:9;Non_Synon:4,V>M:21;Synon:9;Non_Synon:5,G>G:0;Synon:10;Non_Synon:5
ND6	Coereba_flaveola	RN_5	RN_24	2:GTC>GTT;28:GTC>GTT;40:GGG>GGA;41:GCG>GGG;42:TTA>TTG;53:CTG>TTG;79:TGG>TGA;	7	V>V:0;Synon:1;Non_Synon:0,V>V:0;Synon:2;Non_Synon:0,G>G:0;Synon:3;Non_Synon:0,A>G:60;Synon:3;Non_Synon:1,L>L:0;Synon:4;Non_Synon:1,L>L:0;Synon:5;Non_Synon:1,W>W:0;Synon:6;Non_Synon:1
ND6	Coereba_flaveola	RN_5	RN_19	2:GTC>GTT;10:CCG>CCA;15:AGT>AAT;28:GTC>GTT;38:ATA>ACG;42:TTA>TTG;51:GGG>GGA;53:CTG>TTG;62:GGT>GGG;68:TCG>TCA;79:TGG>TGA;83:TTA>TTG;88:GTT>GTG;98:GGA>GGG;	14	V>V:0;Synon:1;Non_Synon:0,P>P:0;Synon:2;Non_Synon:0,S>N:46;Synon:2;Non_Synon:1,V>V:0;Synon:3;Non_Synon:1,M>T:81;Synon:3;Non_Synon:2,L>L:0;Synon:4;Non_Synon:2,G>G:0;Synon:5;Non_Synon:2,L>L:0;Synon:6;Non_Synon:2,G>G:0;Synon:7;Non_Synon:2,S>S:0;Synon:8;Non_Synon:2,W>W:0;Synon:9;Non_Synon:2,L>L:0;Synon:10;Non_Synon:2,V>M:21;Synon:10;Non_Synon:3,G>G:0;Synon:11;Non_Synon:3
ND6	Coereba_flaveola	RN_5	RN_3	15:AGT>AAT;28:GTC>GTT;30:GTG>GCG;38:ATA>ACG;39:ATG>ACG;42:TTA>TTG;53:CTG>TTG;62:GGT>GGG;68:TCG>TCA;69:GAG>GAA;79:TGG>TGA;83:TTA>TTG;88:GTT>GTG;98:GGA>GGG;	14	S>N:46;Synon:0;Non_Synon:1,V>V:0;Synon:1;Non_Synon:1,M>A:84;Synon:1;Non_Synon:2,M>T:81;Synon:1;Non_Synon:3,M>T:81;Synon:1;Non_Synon:4,L>L:0;Synon:2;Non_Synon:4,L>L:0;Synon:3;Non_Synon:4,G>G:0;Synon:4;Non_Synon:4,S>S:0;Synon:5;Non_Synon:4,E>E:0;Synon:6;Non_Synon:4,W>W:0;Synon:7;Non_Synon:4,L>L:0;Synon:8;Non_Synon:4,V>M:21;Synon:8;Non_Synon:5,G>G:0;Synon:9;Non_Synon:5
ND6	Coereba_flaveola	RN_5	RN_14	15:AGT>AAT;28:GTC>GTT;30:GTG>GCG;38:ATA>ACG;39:ATG>GCG;42:TTA>TTG;53:CTG>TTG;62:GGT>GGG;68:TCG>TCA;77:GGA>GGG;79:TGG>TGA;83:TTA>TTG;88:GTT>GTG;98:GGA>GGG;	14	S>N:46;Synon:0;Non_Synon:1,V>V:0;Synon:1;Non_Synon:1,M>A:84;Synon:1;Non_Synon:2,M>T:81;Synon:1;Non_Synon:3,M>A:84;Synon:1;Non_Synon:4,L>L:0;Synon:2;Non_Synon:4,L>L:0;Synon:3;Non_Synon:4,G>G:0;Synon:4;Non_Synon:4,S>S:0;Synon:5;Non_Synon:4,G>G:0;Synon:6;Non_Synon:4,W>W:0;Synon:7;Non_Synon:4,L>L:0;Synon:8;Non_Synon:4,V>M:21;Synon:8;Non_Synon:5,G>G:0;Synon:9;Non_Synon:5
ND6	Coereba_flaveola	RN_24	RN_19	10:CCG>CCA;15:AGT>AAT;38:ATA>ACG;40:GGA>GGG;41:GGG>GCG;51:GGG>GGA;62:GGT>GGG;68:TCG>TCA;83:TTA>TTG;88:GTT>GTG;98:GGA>GGG;	11	P>P:0;Synon:1;Non_Synon:0,S>N:46;Synon:1;Non_Synon:1,M>T:81;Synon:1;Non_Synon:2,G>G:0;Synon:2;Non_Synon:2,G>A:60;Synon:2;Non_Synon:3,G>G:0;Synon:3;Non_Synon:3,G>G:0;Synon:4;Non_Synon:3,S>S:0;Synon:5;Non_Synon:3,L>L:0;Synon:6;Non_Synon:3,V>M:21;Synon:6;Non_Synon:4,G>G:0;Synon:7;Non_Synon:4
ND6	Coereba_flaveola	RN_24	RN_3	2:GTT>GTC;15:AGT>AAT;30:GTG>GCG;38:ATA>ACG;39:ATG>ACG;40:GGA>GGG;41:GGG>GCG;62:GGT>GGG;68:TCG>TCA;69:GAG>GAA;83:TTA>TTG;88:GTT>GTG;98:GGA>GGG;	13	V>V:0;Synon:1;Non_Synon:0,S>N:46;Synon:1;Non_Synon:1,M>A:84;Synon:1;Non_Synon:2,M>T:81;Synon:1;Non_Synon:3,M>T:81;Synon:1;Non_Synon:4,G>G:0;Synon:2;Non_Synon:4,G>A:60;Synon:2;Non_Synon:5,G>G:0;Synon:3;Non_Synon:5,S>S:0;Synon:4;Non_Synon:5,E>E:0;Synon:5;Non_Synon:5,L>L:0;Synon:6;Non_Synon:5,V>M:21;Synon:6;Non_Synon:6,G>G:0;Synon:7;Non_Synon:6
ND6	Coereba_flaveola	RN_24	RN_14	2:GTT>GTC;15:AGT>AAT;30:GTG>GCG;38:ATA>ACG;39:ATG>GCG;40:GGA>GGG;41:GGG>GCG;62:GGT>GGG;68:TCG>TCA;77:GGA>GGG;83:TTA>TTG;88:GTT>GTG;98:GGA>GGG;	13	V>V:0;Synon:1;Non_Synon:0,S>N:46;Synon:1;Non_Synon:1,M>A:84;Synon:1;Non_Synon:2,M>T:81;Synon:1;Non_Synon:3,M>A:84;Synon:1;Non_Synon:4,G>G:0;Synon:2;Non_Synon:4,G>A:60;Synon:2;Non_Synon:5,G>G:0;Synon:3;Non_Synon:5,S>S:0;Synon:4;Non_Synon:5,G>G:0;Synon:5;Non_Synon:5,L>L:0;Synon:6;Non_Synon:5,V>M:21;Synon:6;Non_Synon:6,G>G:0;Synon:7;Non_Synon:6
ND6	Coereba_flaveola	RN_19	RN_3	2:GTT>GTC;10:CCA>CCG;30:GTG>GCG;39:ATG>ACG;51:GGA>GGG;69:GAG>GAA;	6	V>V:0;Synon:1;Non_Synon:0,P>P:0;Synon:2;Non_Synon:0,M>A:84;Synon:2;Non_Synon:1,M>T:81;Synon:2;Non_Synon:2,G>G:0;Synon:3;Non_Synon:2,E>E:0;Synon:4;Non_Synon:2
ND6	Coereba_flaveola	RN_19	RN_14	2:GTT>GTC;10:CCA>CCG;30:GTG>GCG;39:ATG>GCG;51:GGA>GGG;77:GGA>GGG;	6	V>V:0;Synon:1;Non_Synon:0,P>P:0;Synon:2;Non_Synon:0,M>A:84;Synon:2;Non_Synon:1,M>A:84;Synon:2;Non_Synon:2,G>G:0;Synon:3;Non_Synon:2,G>G:0;Synon:4;Non_Synon:2
ND6	Coereba_flaveola	RN_3	RN_14	39:ACG>GCG;69:GAA>GAG;77:GGA>GGG;	3	T>A:58;Synon:0;Non_Synon:1,E>E:0;Synon:1;Non_Synon:1,G>G:0;Synon:2;Non_Synon:1
ND6	Equus_caballus	RN_14	RN_27	25:TCA>TCG;54:TTG>TTA;59:GTT>ATT;118:AAG>GAG;	4	S>S:0;Synon:1;Non_Synon:0,L>L:0;Synon:2;Non_Synon:0,V>M:21;Synon:2;Non_Synon:1,K>E:56;Synon:2;Non_Synon:2
ND6	Equus_caballus	RN_14	RN_34	59:GTT>ATT;60:TAT>TAC;65:TTG>CTG;120:AGT>GGT;162:CTT>TTT;	5	V>M:21;Synon:0;Non_Synon:1,Y>Y:0;Synon:1;Non_Synon:1,L>L:0;Synon:2;Non_Synon:1,S>G:56;Synon:2;Non_Synon:2,L>F:22;Synon:2;Non_Synon:3
ND6	Equus_caballus	RN_14	RN_15	59:GTT>ATT;151:GCT>GTT;	2	V>M:21;Synon:0;Non_Synon:1,A>V:64;Synon:0;Non_Synon:2
ND6	Equus_caballus	RN_14	RN_13	15:GTT>ATT;55:ATG>ATA;59:GTT>ATT;	3	V>M:21;Synon:0;Non_Synon:1,M>M:0;Synon:1;Non_Synon:1,V>M:21;Synon:1;Non_Synon:2
ND6	Equus_caballus	RN_14	RN_7	59:GTT>ATT;60:TAT>TAC;65:TTG>CTG;	3	V>M:21;Synon:0;Non_Synon:1,Y>Y:0;Synon:1;Non_Synon:1,L>L:0;Synon:2;Non_Synon:1
ND6	Equus_caballus	RN_14	RN_29	59:GTT>ATT;110:AGT>GGT;	2	V>M:21;Synon:0;Non_Synon:1,S>G:56;Synon:0;Non_Synon:2
ND6	Equus_caballus	RN_14	RN_18	59:GTT>ATT;60:TAT>TAC;65:TTG>CTG;131:GGA>GGG;162:CTT>TTT;166:TTG>TTA;	6	V>M:21;Synon:0;Non_Synon:1,Y>Y:0;Synon:1;Non_Synon:1,L>L:0;Synon:2;Non_Synon:1,G>G:0;Synon:3;Non_Synon:1,L>F:22;Synon:3;Non_Synon:2,L>L:0;Synon:4;Non_Synon:2
ND6	Equus_caballus	RN_14	RN_6	59:GTT>ATT;62:GGA>GGG;	2	V>M:21;Synon:0;Non_Synon:1,G>G:0;Synon:1;Non_Synon:1
ND6	Equus_caballus	RN_14	RN_1	34:ATT>GTT;59:GTT>ATT;	2	M>V:21;Synon:0;Non_Synon:1,V>M:21;Synon:0;Non_Synon:2
ND6	Equus_caballus	RN_27	RN_34	25:TCG>TCA;54:TTA>TTG;60:TAT>TAC;65:TTG>CTG;118:GAG>AAG;120:AGT>GGT;162:CTT>TTT;	7	S>S:0;Synon:1;Non_Synon:0,L>L:0;Synon:2;Non_Synon:0,Y>Y:0;Synon:3;Non_Synon:0,L>L:0;Synon:4;Non_Synon:0,E>K:56;Synon:4;Non_Synon:1,S>G:56;Synon:4;Non_Synon:2,L>F:22;Synon:4;Non_Synon:3
ND6	Equus_caballus	RN_27	RN_15	25:TCG>TCA;54:TTA>TTG;118:GAG>AAG;151:GCT>GTT;	4	S>S:0;Synon:1;Non_Synon:0,L>L:0;Synon:2;Non_Synon:0,E>K:56;Synon:2;Non_Synon:1,A>V:64;Synon:2;Non_Synon:2
ND6	Equus_caballus	RN_27	RN_13	15:GTT>ATT;25:TCG>TCA;54:TTA>TTG;55:ATG>ATA;118:GAG>AAG;	5	V>M:21;Synon:0;Non_Synon:1,S>S:0;Synon:1;Non_Synon:1,L>L:0;Synon:2;Non_Synon:1,M>M:0;Synon:3;Non_Synon:1,E>K:56;Synon:3;Non_Synon:2
ND6	Equus_caballus	RN_27	RN_7	25:TCG>TCA;54:TTA>TTG;60:TAT>TAC;65:TTG>CTG;118:GAG>AAG;	5	S>S:0;Synon:1;Non_Synon:0,L>L:0;Synon:2;Non_Synon:0,Y>Y:0;Synon:3;Non_Synon:0,L>L:0;Synon:4;Non_Synon:0,E>K:56;Synon:4;Non_Synon:1
ND6	Equus_caballus	RN_27	RN_29	25:TCG>TCA;54:TTA>TTG;110:AGT>GGT;118:GAG>AAG;	4	S>S:0;Synon:1;Non_Synon:0,L>L:0;Synon:2;Non_Synon:0,S>G:56;Synon:2;Non_Synon:1,E>K:56;Synon:2;Non_Synon:2
ND6	Equus_caballus	RN_27	RN_18	25:TCG>TCA;54:TTA>TTG;60:TAT>TAC;65:TTG>CTG;118:GAG>AAG;131:GGA>GGG;162:CTT>TTT;166:TTG>TTA;	8	S>S:0;Synon:1;Non_Synon:0,L>L:0;Synon:2;Non_Synon:0,Y>Y:0;Synon:3;Non_Synon:0,L>L:0;Synon:4;Non_Synon:0,E>K:56;Synon:4;Non_Synon:1,G>G:0;Synon:5;Non_Synon:1,L>F:22;Synon:5;Non_Synon:2,L>L:0;Synon:6;Non_Synon:2
ND6	Equus_caballus	RN_27	RN_6	25:TCG>TCA;54:TTA>TTG;62:GGA>GGG;118:GAG>AAG;	4	S>S:0;Synon:1;Non_Synon:0,L>L:0;Synon:2;Non_Synon:0,G>G:0;Synon:3;Non_Synon:0,E>K:56;Synon:3;Non_Synon:1
ND6	Equus_caballus	RN_27	RN_1	25:TCG>TCA;34:ATT>GTT;54:TTA>TTG;118:GAG>AAG;	4	S>S:0;Synon:1;Non_Synon:0,M>V:21;Synon:1;Non_Synon:1,L>L:0;Synon:2;Non_Synon:1,E>K:56;Synon:2;Non_Synon:2
ND6	Equus_caballus	RN_34	RN_15	60:TAC>TAT;65:CTG>TTG;120:GGT>AGT;151:GCT>GTT;162:TTT>CTT;	5	Y>Y:0;Synon:1;Non_Synon:0,L>L:0;Synon:2;Non_Synon:0,G>S:56;Synon:2;Non_Synon:1,A>V:64;Synon:2;Non_Synon:2,F>L:22;Synon:2;Non_Synon:3
ND6	Equus_caballus	RN_34	RN_13	15:GTT>ATT;55:ATG>ATA;60:TAC>TAT;65:CTG>TTG;120:GGT>AGT;162:TTT>CTT;	6	V>M:21;Synon:0;Non_Synon:1,M>M:0;Synon:1;Non_Synon:1,Y>Y:0;Synon:2;Non_Synon:1,L>L:0;Synon:3;Non_Synon:1,G>S:56;Synon:3;Non_Synon:2,F>L:22;Synon:3;Non_Synon:3
ND6	Equus_caballus	RN_34	RN_7	120:GGT>AGT;162:TTT>CTT;	2	G>S:56;Synon:0;Non_Synon:1,F>L:22;Synon:0;Non_Synon:2
ND6	Equus_caballus	RN_34	RN_29	60:TAC>TAT;65:CTG>TTG;110:AGT>GGT;120:GGT>AGT;162:TTT>CTT;	5	Y>Y:0;Synon:1;Non_Synon:0,L>L:0;Synon:2;Non_Synon:0,S>G:56;Synon:2;Non_Synon:1,G>S:56;Synon:2;Non_Synon:2,F>L:22;Synon:2;Non_Synon:3
ND6	Equus_caballus	RN_34	RN_18	120:GGT>AGT;131:GGA>GGG;166:TTG>TTA;	3	G>S:56;Synon:0;Non_Synon:1,G>G:0;Synon:1;Non_Synon:1,L>L:0;Synon:2;Non_Synon:1
ND6	Equus_caballus	RN_34	RN_6	60:TAC>TAT;62:GGA>GGG;65:CTG>TTG;120:GGT>AGT;162:TTT>CTT;	5	Y>Y:0;Synon:1;Non_Synon:0,G>G:0;Synon:2;Non_Synon:0,L>L:0;Synon:3;Non_Synon:0,G>S:56;Synon:3;Non_Synon:1,F>L:22;Synon:3;Non_Synon:2
ND6	Equus_caballus	RN_34	RN_1	34:ATT>GTT;60:TAC>TAT;65:CTG>TTG;120:GGT>AGT;162:TTT>CTT;	5	M>V:21;Synon:0;Non_Synon:1,Y>Y:0;Synon:1;Non_Synon:1,L>L:0;Synon:2;Non_Synon:1,G>S:56;Synon:2;Non_Synon:2,F>L:22;Synon:2;Non_Synon:3
ND6	Equus_caballus	RN_15	RN_13	15:GTT>ATT;55:ATG>ATA;151:GTT>GCT;	3	V>M:21;Synon:0;Non_Synon:1,M>M:0;Synon:1;Non_Synon:1,V>A:64;Synon:1;Non_Synon:2
ND6	Equus_caballus	RN_15	RN_7	60:TAT>TAC;65:TTG>CTG;151:GTT>GCT;	3	Y>Y:0;Synon:1;Non_Synon:0,L>L:0;Synon:2;Non_Synon:0,V>A:64;Synon:2;Non_Synon:1
ND6	Equus_caballus	RN_15	RN_29	110:AGT>GGT;151:GTT>GCT;	2	S>G:56;Synon:0;Non_Synon:1,V>A:64;Synon:0;Non_Synon:2
ND6	Equus_caballus	RN_15	RN_18	60:TAT>TAC;65:TTG>CTG;131:GGA>GGG;151:GTT>GCT;162:CTT>TTT;166:TTG>TTA;	6	Y>Y:0;Synon:1;Non_Synon:0,L>L:0;Synon:2;Non_Synon:0,G>G:0;Synon:3;Non_Synon:0,V>A:64;Synon:3;Non_Synon:1,L>F:22;Synon:3;Non_Synon:2,L>L:0;Synon:4;Non_Synon:2
ND6	Equus_caballus	RN_15	RN_6	62:GGA>GGG;151:GTT>GCT;	2	G>G:0;Synon:1;Non_Synon:0,V>A:64;Synon:1;Non_Synon:1
ND6	Equus_caballus	RN_15	RN_1	34:ATT>GTT;151:GTT>GCT;	2	M>V:21;Synon:0;Non_Synon:1,V>A:64;Synon:0;Non_Synon:2
ND6	Equus_caballus	RN_13	RN_7	15:ATT>GTT;55:ATA>ATG;60:TAT>TAC;65:TTG>CTG;	4	M>V:21;Synon:0;Non_Synon:1,M>M:0;Synon:1;Non_Synon:1,Y>Y:0;Synon:2;Non_Synon:1,L>L:0;Synon:3;Non_Synon:1
ND6	Equus_caballus	RN_13	RN_29	15:ATT>GTT;55:ATA>ATG;110:AGT>GGT;	3	M>V:21;Synon:0;Non_Synon:1,M>M:0;Synon:1;Non_Synon:1,S>G:56;Synon:1;Non_Synon:2
ND6	Equus_caballus	RN_13	RN_18	15:ATT>GTT;55:ATA>ATG;60:TAT>TAC;65:TTG>CTG;131:GGA>GGG;162:CTT>TTT;166:TTG>TTA;	7	M>V:21;Synon:0;Non_Synon:1,M>M:0;Synon:1;Non_Synon:1,Y>Y:0;Synon:2;Non_Synon:1,L>L:0;Synon:3;Non_Synon:1,G>G:0;Synon:4;Non_Synon:1,L>F:22;Synon:4;Non_Synon:2,L>L:0;Synon:5;Non_Synon:2
ND6	Equus_caballus	RN_13	RN_6	15:ATT>GTT;55:ATA>ATG;62:GGA>GGG;	3	M>V:21;Synon:0;Non_Synon:1,M>M:0;Synon:1;Non_Synon:1,G>G:0;Synon:2;Non_Synon:1
ND6	Equus_caballus	RN_13	RN_1	15:ATT>GTT;34:ATT>GTT;55:ATA>ATG;	3	M>V:21;Synon:0;Non_Synon:1,M>V:21;Synon:0;Non_Synon:2,M>M:0;Synon:1;Non_Synon:2
ND6	Equus_caballus	RN_7	RN_29	60:TAC>TAT;65:CTG>TTG;110:AGT>GGT;	3	Y>Y:0;Synon:1;Non_Synon:0,L>L:0;Synon:2;Non_Synon:0,S>G:56;Synon:2;Non_Synon:1
ND6	Equus_caballus	RN_7	RN_18	131:GGA>GGG;162:CTT>TTT;166:TTG>TTA;	3	G>G:0;Synon:1;Non_Synon:0,L>F:22;Synon:1;Non_Synon:1,L>L:0;Synon:2;Non_Synon:1
ND6	Equus_caballus	RN_7	RN_6	60:TAC>TAT;62:GGA>GGG;65:CTG>TTG;	3	Y>Y:0;Synon:1;Non_Synon:0,G>G:0;Synon:2;Non_Synon:0,L>L:0;Synon:3;Non_Synon:0
ND6	Equus_caballus	RN_7	RN_1	34:ATT>GTT;60:TAC>TAT;65:CTG>TTG;	3	M>V:21;Synon:0;Non_Synon:1,Y>Y:0;Synon:1;Non_Synon:1,L>L:0;Synon:2;Non_Synon:1
ND6	Equus_caballus	RN_29	RN_18	60:TAT>TAC;65:TTG>CTG;110:GGT>AGT;131:GGA>GGG;162:CTT>TTT;166:TTG>TTA;	6	Y>Y:0;Synon:1;Non_Synon:0,L>L:0;Synon:2;Non_Synon:0,G>S:56;Synon:2;Non_Synon:1,G>G:0;Synon:3;Non_Synon:1,L>F:22;Synon:3;Non_Synon:2,L>L:0;Synon:4;Non_Synon:2
ND6	Equus_caballus	RN_29	RN_6	62:GGA>GGG;110:GGT>AGT;	2	G>G:0;Synon:1;Non_Synon:0,G>S:56;Synon:1;Non_Synon:1
ND6	Equus_caballus	RN_29	RN_1	34:ATT>GTT;110:GGT>AGT;	2	M>V:21;Synon:0;Non_Synon:1,G>S:56;Synon:0;Non_Synon:2
ND6	Equus_caballus	RN_18	RN_6	60:TAC>TAT;62:GGA>GGG;65:CTG>TTG;131:GGG>GGA;162:TTT>CTT;166:TTA>TTG;	6	Y>Y:0;Synon:1;Non_Synon:0,G>G:0;Synon:2;Non_Synon:0,L>L:0;Synon:3;Non_Synon:0,G>G:0;Synon:4;Non_Synon:0,F>L:22;Synon:4;Non_Synon:1,L>L:0;Synon:5;Non_Synon:1
ND6	Equus_caballus	RN_18	RN_1	34:ATT>GTT;60:TAC>TAT;65:CTG>TTG;131:GGG>GGA;162:TTT>CTT;166:TTA>TTG;	6	M>V:21;Synon:0;Non_Synon:1,Y>Y:0;Synon:1;Non_Synon:1,L>L:0;Synon:2;Non_Synon:1,G>G:0;Synon:3;Non_Synon:1,F>L:22;Synon:3;Non_Synon:2,L>L:0;Synon:4;Non_Synon:2
ND6	Equus_caballus	RN_6	RN_1	34:ATT>GTT;62:GGG>GGA;	2	M>V:21;Synon:0;Non_Synon:1,G>G:0;Synon:1;Non_Synon:1
ND6	Garrulax_canorus	RN_41	RN_39	17:TTG>CTG;46:TTA>TTG;106:GGA>GGG;139:GGC>GGT;168:GCA>GCG;	5	L>L:0;Synon:1;Non_Synon:0,L>L:0;Synon:2;Non_Synon:0,G>G:0;Synon:3;Non_Synon:0,G>G:0;Synon:4;Non_Synon:0,A>A:0;Synon:5;Non_Synon:0
ND6	Garrulax_canorus	RN_41	RN_50	17:TTG>CTG;99:GTG>ATG;139:GGC>GGT;168:GCA>GCG;	4	L>L:0;Synon:1;Non_Synon:0,M>M:0;Synon:2;Non_Synon:0,G>G:0;Synon:3;Non_Synon:0,A>A:0;Synon:4;Non_Synon:0
ND6	Garrulax_canorus	RN_41	RN_29	7:TTA>CTA;17:TTG>CTG;24:TCC>TCT;114:GCA>GCG;139:GGC>GGT;159:GAA>GAG;168:GCA>GCG;	7	L>L:0;Synon:1;Non_Synon:0,L>L:0;Synon:2;Non_Synon:0,S>S:0;Synon:3;Non_Synon:0,A>A:0;Synon:4;Non_Synon:0,G>G:0;Synon:5;Non_Synon:0,E>E:0;Synon:6;Non_Synon:0,A>A:0;Synon:7;Non_Synon:0
ND6	Garrulax_canorus	RN_41	RN_13	9:GGT>GGC;17:TTG>CTG;46:TTA>TTG;61:GGA>GGG;139:GGC>GGT;168:GCA>GCG;	6	G>G:0;Synon:1;Non_Synon:0,L>L:0;Synon:2;Non_Synon:0,L>L:0;Synon:3;Non_Synon:0,G>G:0;Synon:4;Non_Synon:0,G>G:0;Synon:5;Non_Synon:0,A>A:0;Synon:6;Non_Synon:0
ND6	Garrulax_canorus	RN_41	RN_35	17:TTG>CTG;139:GGC>GGT;146:GGC>GGT;168:GCA>GCG;	4	L>L:0;Synon:1;Non_Synon:0,G>G:0;Synon:2;Non_Synon:0,G>G:0;Synon:3;Non_Synon:0,A>A:0;Synon:4;Non_Synon:0
ND6	Garrulax_canorus	RN_41	RN_10	17:TTG>CTG;106:GGA>GGG;139:GGC>GGT;146:GGC>GGT;168:GCA>GCG;	5	L>L:0;Synon:1;Non_Synon:0,G>G:0;Synon:2;Non_Synon:0,G>G:0;Synon:3;Non_Synon:0,G>G:0;Synon:4;Non_Synon:0,A>A:0;Synon:5;Non_Synon:0
ND6	Garrulax_canorus	RN_41	RN_19	17:TTG>CTG;106:GGA>GGG;144:CTG>TTG;168:GCA>GCG;	4	L>L:0;Synon:1;Non_Synon:0,G>G:0;Synon:2;Non_Synon:0,L>L:0;Synon:3;Non_Synon:0,A>A:0;Synon:4;Non_Synon:0
ND6	Garrulax_canorus	RN_41	RN_58	17:TTG>CTG;24:TCC>TCT;123:GGG>GAG;146:GGC>GGT;159:GAA>GAG;168:GCA>GCG;	6	L>L:0;Synon:1;Non_Synon:0,S>S:0;Synon:2;Non_Synon:0,G>E:98;Synon:2;Non_Synon:1,G>G:0;Synon:3;Non_Synon:1,E>E:0;Synon:4;Non_Synon:1,A>A:0;Synon:5;Non_Synon:1
ND6	Garrulax_canorus	RN_41	RN_59	17:TTG>CTG;46:TTA>TTG;123:GGG>GAG;146:GGC>GGT;159:GAA>GAG;168:GCA>GCG;	6	L>L:0;Synon:1;Non_Synon:0,L>L:0;Synon:2;Non_Synon:0,G>E:98;Synon:2;Non_Synon:1,G>G:0;Synon:3;Non_Synon:1,E>E:0;Synon:4;Non_Synon:1,A>A:0;Synon:5;Non_Synon:1
ND6	Garrulax_canorus	RN_39	RN_50	46:TTG>TTA;99:GTG>ATG;106:GGG>GGA;	3	L>L:0;Synon:1;Non_Synon:0,M>M:0;Synon:2;Non_Synon:0,G>G:0;Synon:3;Non_Synon:0
ND6	Garrulax_canorus	RN_39	RN_29	7:TTA>CTA;24:TCC>TCT;46:TTG>TTA;106:GGG>GGA;114:GCA>GCG;159:GAA>GAG;	6	L>L:0;Synon:1;Non_Synon:0,S>S:0;Synon:2;Non_Synon:0,L>L:0;Synon:3;Non_Synon:0,G>G:0;Synon:4;Non_Synon:0,A>A:0;Synon:5;Non_Synon:0,E>E:0;Synon:6;Non_Synon:0
ND6	Garrulax_canorus	RN_39	RN_13	9:GGT>GGC;61:GGA>GGG;106:GGG>GGA;	3	G>G:0;Synon:1;Non_Synon:0,G>G:0;Synon:2;Non_Synon:0,G>G:0;Synon:3;Non_Synon:0
ND6	Garrulax_canorus	RN_39	RN_35	46:TTG>TTA;106:GGG>GGA;146:GGC>GGT;	3	L>L:0;Synon:1;Non_Synon:0,G>G:0;Synon:2;Non_Synon:0,G>G:0;Synon:3;Non_Synon:0
ND6	Garrulax_canorus	RN_39	RN_10	46:TTG>TTA;146:GGC>GGT;	2	L>L:0;Synon:1;Non_Synon:0,G>G:0;Synon:2;Non_Synon:0
ND6	Garrulax_canorus	RN_39	RN_19	46:TTG>TTA;139:GGT>GGC;144:CTG>TTG;	3	L>L:0;Synon:1;Non_Synon:0,G>G:0;Synon:2;Non_Synon:0,L>L:0;Synon:3;Non_Synon:0
ND6	Garrulax_canorus	RN_39	RN_58	24:TCC>TCT;46:TTG>TTA;106:GGG>GGA;123:GGG>GAG;139:GGT>GGC;146:GGC>GGT;159:GAA>GAG;	7	S>S:0;Synon:1;Non_Synon:0,L>L:0;Synon:2;Non_Synon:0,G>G:0;Synon:3;Non_Synon:0,G>E:98;Synon:3;Non_Synon:1,G>G:0;Synon:4;Non_Synon:1,G>G:0;Synon:5;Non_Synon:1,E>E:0;Synon:6;Non_Synon:1
ND6	Garrulax_canorus	RN_39	RN_59	106:GGG>GGA;123:GGG>GAG;139:GGT>GGC;146:GGC>GGT;159:GAA>GAG;	5	G>G:0;Synon:1;Non_Synon:0,G>E:98;Synon:1;Non_Synon:1,G>G:0;Synon:2;Non_Synon:1,G>G:0;Synon:3;Non_Synon:1,E>E:0;Synon:4;Non_Synon:1
ND6	Garrulax_canorus	RN_50	RN_29	7:TTA>CTA;24:TCC>TCT;99:ATG>GTG;114:GCA>GCG;159:GAA>GAG;	5	L>L:0;Synon:1;Non_Synon:0,S>S:0;Synon:2;Non_Synon:0,M>M:0;Synon:3;Non_Synon:0,A>A:0;Synon:4;Non_Synon:0,E>E:0;Synon:5;Non_Synon:0
ND6	Garrulax_canorus	RN_50	RN_13	9:GGT>GGC;46:TTA>TTG;61:GGA>GGG;99:ATG>GTG;	4	G>G:0;Synon:1;Non_Synon:0,L>L:0;Synon:2;Non_Synon:0,G>G:0;Synon:3;Non_Synon:0,M>M:0;Synon:4;Non_Synon:0
ND6	Garrulax_canorus	RN_50	RN_35	99:ATG>GTG;146:GGC>GGT;	2	M>M:0;Synon:1;Non_Synon:0,G>G:0;Synon:2;Non_Synon:0
ND6	Garrulax_canorus	RN_50	RN_10	99:ATG>GTG;106:GGA>GGG;146:GGC>GGT;	3	M>M:0;Synon:1;Non_Synon:0,G>G:0;Synon:2;Non_Synon:0,G>G:0;Synon:3;Non_Synon:0
ND6	Garrulax_canorus	RN_50	RN_19	99:ATG>GTG;106:GGA>GGG;139:GGT>GGC;144:CTG>TTG;	4	M>M:0;Synon:1;Non_Synon:0,G>G:0;Synon:2;Non_Synon:0,G>G:0;Synon:3;Non_Synon:0,L>L:0;Synon:4;Non_Synon:0
ND6	Garrulax_canorus	RN_50	RN_58	24:TCC>TCT;99:ATG>GTG;123:GGG>GAG;139:GGT>GGC;146:GGC>GGT;159:GAA>GAG;	6	S>S:0;Synon:1;Non_Synon:0,M>M:0;Synon:2;Non_Synon:0,G>E:98;Synon:2;Non_Synon:1,G>G:0;Synon:3;Non_Synon:1,G>G:0;Synon:4;Non_Synon:1,E>E:0;Synon:5;Non_Synon:1
ND6	Garrulax_canorus	RN_50	RN_59	46:TTA>TTG;99:ATG>GTG;123:GGG>GAG;139:GGT>GGC;146:GGC>GGT;159:GAA>GAG;	6	L>L:0;Synon:1;Non_Synon:0,M>M:0;Synon:2;Non_Synon:0,G>E:98;Synon:2;Non_Synon:1,G>G:0;Synon:3;Non_Synon:1,G>G:0;Synon:4;Non_Synon:1,E>E:0;Synon:5;Non_Synon:1
ND6	Garrulax_canorus	RN_29	RN_13	7:CTA>TTA;9:GGT>GGC;24:TCT>TCC;46:TTA>TTG;61:GGA>GGG;114:GCG>GCA;159:GAG>GAA;	7	L>L:0;Synon:1;Non_Synon:0,G>G:0;Synon:2;Non_Synon:0,S>S:0;Synon:3;Non_Synon:0,L>L:0;Synon:4;Non_Synon:0,G>G:0;Synon:5;Non_Synon:0,A>A:0;Synon:6;Non_Synon:0,E>E:0;Synon:7;Non_Synon:0
ND6	Garrulax_canorus	RN_29	RN_35	7:CTA>TTA;24:TCT>TCC;114:GCG>GCA;146:GGC>GGT;159:GAG>GAA;	5	L>L:0;Synon:1;Non_Synon:0,S>S:0;Synon:2;Non_Synon:0,A>A:0;Synon:3;Non_Synon:0,G>G:0;Synon:4;Non_Synon:0,E>E:0;Synon:5;Non_Synon:0
ND6	Garrulax_canorus	RN_29	RN_10	7:CTA>TTA;24:TCT>TCC;106:GGA>GGG;114:GCG>GCA;146:GGC>GGT;159:GAG>GAA;	6	L>L:0;Synon:1;Non_Synon:0,S>S:0;Synon:2;Non_Synon:0,G>G:0;Synon:3;Non_Synon:0,A>A:0;Synon:4;Non_Synon:0,G>G:0;Synon:5;Non_Synon:0,E>E:0;Synon:6;Non_Synon:0
ND6	Garrulax_canorus	RN_29	RN_19	7:CTA>TTA;24:TCT>TCC;106:GGA>GGG;114:GCG>GCA;139:GGT>GGC;144:CTG>TTG;159:GAG>GAA;	7	L>L:0;Synon:1;Non_Synon:0,S>S:0;Synon:2;Non_Synon:0,G>G:0;Synon:3;Non_Synon:0,A>A:0;Synon:4;Non_Synon:0,G>G:0;Synon:5;Non_Synon:0,L>L:0;Synon:6;Non_Synon:0,E>E:0;Synon:7;Non_Synon:0
ND6	Garrulax_canorus	RN_29	RN_58	7:CTA>TTA;114:GCG>GCA;123:GGG>GAG;139:GGT>GGC;146:GGC>GGT;	5	L>L:0;Synon:1;Non_Synon:0,A>A:0;Synon:2;Non_Synon:0,G>E:98;Synon:2;Non_Synon:1,G>G:0;Synon:3;Non_Synon:1,G>G:0;Synon:4;Non_Synon:1
ND6	Garrulax_canorus	RN_29	RN_59	7:CTA>TTA;24:TCT>TCC;46:TTA>TTG;114:GCG>GCA;123:GGG>GAG;139:GGT>GGC;146:GGC>GGT;	7	L>L:0;Synon:1;Non_Synon:0,S>S:0;Synon:2;Non_Synon:0,L>L:0;Synon:3;Non_Synon:0,A>A:0;Synon:4;Non_Synon:0,G>E:98;Synon:4;Non_Synon:1,G>G:0;Synon:5;Non_Synon:1,G>G:0;Synon:6;Non_Synon:1
ND6	Garrulax_canorus	RN_13	RN_35	9:GGC>GGT;46:TTG>TTA;61:GGG>GGA;146:GGC>GGT;	4	G>G:0;Synon:1;Non_Synon:0,L>L:0;Synon:2;Non_Synon:0,G>G:0;Synon:3;Non_Synon:0,G>G:0;Synon:4;Non_Synon:0
ND6	Garrulax_canorus	RN_13	RN_10	9:GGC>GGT;46:TTG>TTA;61:GGG>GGA;106:GGA>GGG;146:GGC>GGT;	5	G>G:0;Synon:1;Non_Synon:0,L>L:0;Synon:2;Non_Synon:0,G>G:0;Synon:3;Non_Synon:0,G>G:0;Synon:4;Non_Synon:0,G>G:0;Synon:5;Non_Synon:0
ND6	Garrulax_canorus	RN_13	RN_19	9:GGC>GGT;46:TTG>TTA;61:GGG>GGA;106:GGA>GGG;139:GGT>GGC;144:CTG>TTG;	6	G>G:0;Synon:1;Non_Synon:0,L>L:0;Synon:2;Non_Synon:0,G>G:0;Synon:3;Non_Synon:0,G>G:0;Synon:4;Non_Synon:0,G>G:0;Synon:5;Non_Synon:0,L>L:0;Synon:6;Non_Synon:0
ND6	Garrulax_canorus	RN_13	RN_58	9:GGC>GGT;24:TCC>TCT;46:TTG>TTA;61:GGG>GGA;123:GGG>GAG;139:GGT>GGC;146:GGC>GGT;159:GAA>GAG;	8	G>G:0;Synon:1;Non_Synon:0,S>S:0;Synon:2;Non_Synon:0,L>L:0;Synon:3;Non_Synon:0,G>G:0;Synon:4;Non_Synon:0,G>E:98;Synon:4;Non_Synon:1,G>G:0;Synon:5;Non_Synon:1,G>G:0;Synon:6;Non_Synon:1,E>E:0;Synon:7;Non_Synon:1
ND6	Garrulax_canorus	RN_13	RN_59	9:GGC>GGT;61:GGG>GGA;123:GGG>GAG;139:GGT>GGC;146:GGC>GGT;159:GAA>GAG;	6	G>G:0;Synon:1;Non_Synon:0,G>G:0;Synon:2;Non_Synon:0,G>E:98;Synon:2;Non_Synon:1,G>G:0;Synon:3;Non_Synon:1,G>G:0;Synon:4;Non_Synon:1,E>E:0;Synon:5;Non_Synon:1
ND6	Garrulax_canorus	RN_35	RN_10	106:GGA>GGG;	1	G>G:0;Synon:1;Non_Synon:0
ND6	Garrulax_canorus	RN_35	RN_19	106:GGA>GGG;139:GGT>GGC;144:CTG>TTG;146:GGT>GGC;	4	G>G:0;Synon:1;Non_Synon:0,G>G:0;Synon:2;Non_Synon:0,L>L:0;Synon:3;Non_Synon:0,G>G:0;Synon:4;Non_Synon:0
ND6	Garrulax_canorus	RN_35	RN_58	24:TCC>TCT;123:GGG>GAG;139:GGT>GGC;159:GAA>GAG;	4	S>S:0;Synon:1;Non_Synon:0,G>E:98;Synon:1;Non_Synon:1,G>G:0;Synon:2;Non_Synon:1,E>E:0;Synon:3;Non_Synon:1
ND6	Garrulax_canorus	RN_35	RN_59	46:TTA>TTG;123:GGG>GAG;139:GGT>GGC;159:GAA>GAG;	4	L>L:0;Synon:1;Non_Synon:0,G>E:98;Synon:1;Non_Synon:1,G>G:0;Synon:2;Non_Synon:1,E>E:0;Synon:3;Non_Synon:1
ND6	Garrulax_canorus	RN_10	RN_19	139:GGT>GGC;144:CTG>TTG;146:GGT>GGC;	3	G>G:0;Synon:1;Non_Synon:0,L>L:0;Synon:2;Non_Synon:0,G>G:0;Synon:3;Non_Synon:0
ND6	Garrulax_canorus	RN_10	RN_58	24:TCC>TCT;106:GGG>GGA;123:GGG>GAG;139:GGT>GGC;159:GAA>GAG;	5	S>S:0;Synon:1;Non_Synon:0,G>G:0;Synon:2;Non_Synon:0,G>E:98;Synon:2;Non_Synon:1,G>G:0;Synon:3;Non_Synon:1,E>E:0;Synon:4;Non_Synon:1
ND6	Garrulax_canorus	RN_10	RN_59	46:TTA>TTG;106:GGG>GGA;123:GGG>GAG;139:GGT>GGC;159:GAA>GAG;	5	L>L:0;Synon:1;Non_Synon:0,G>G:0;Synon:2;Non_Synon:0,G>E:98;Synon:2;Non_Synon:1,G>G:0;Synon:3;Non_Synon:1,E>E:0;Synon:4;Non_Synon:1
ND6	Garrulax_canorus	RN_19	RN_58	24:TCC>TCT;106:GGG>GGA;123:GGG>GAG;144:TTG>CTG;146:GGC>GGT;159:GAA>GAG;	6	S>S:0;Synon:1;Non_Synon:0,G>G:0;Synon:2;Non_Synon:0,G>E:98;Synon:2;Non_Synon:1,L>L:0;Synon:3;Non_Synon:1,G>G:0;Synon:4;Non_Synon:1,E>E:0;Synon:5;Non_Synon:1
ND6	Garrulax_canorus	RN_19	RN_59	46:TTA>TTG;106:GGG>GGA;123:GGG>GAG;144:TTG>CTG;146:GGC>GGT;159:GAA>GAG;	6	L>L:0;Synon:1;Non_Synon:0,G>G:0;Synon:2;Non_Synon:0,G>E:98;Synon:2;Non_Synon:1,L>L:0;Synon:3;Non_Synon:1,G>G:0;Synon:4;Non_Synon:1,E>E:0;Synon:5;Non_Synon:1
ND6	Garrulax_canorus	RN_58	RN_59	24:TCT>TCC;46:TTA>TTG;	2	S>S:0;Synon:1;Non_Synon:0,L>L:0;Synon:2;Non_Synon:0
ND6	Pomatorhinus_musicus	RN_7	RN_8	25:CCG>CCT;65:GTG>GTA;110:TTT>TCT;129:TTT>TTC;	4	P>P:0;Synon:1;Non_Synon:0,M>V:21;Synon:1;Non_Synon:1,F>S:155;Synon:1;Non_Synon:2,F>F:0;Synon:2;Non_Synon:2
ND6	Pomatorhinus_musicus	RN_7	RN_9	25:CCG>CCT;140:GTT>GCT;	2	P>P:0;Synon:1;Non_Synon:0,V>A:64;Synon:1;Non_Synon:1
ND6	Pomatorhinus_musicus	RN_7	RN_5	25:CCG>CCT;40:TGT>TGC;	2	P>P:0;Synon:1;Non_Synon:0,C>C:0;Synon:2;Non_Synon:0
ND6	Pomatorhinus_musicus	RN_7	RN_6	15:GGT>GGC;25:CCG>CCT;65:GTG>GTA;158:CTG>TTG;	4	G>G:0;Synon:1;Non_Synon:0,P>P:0;Synon:2;Non_Synon:0,M>V:21;Synon:2;Non_Synon:1,L>L:0;Synon:3;Non_Synon:1
ND6	Pomatorhinus_musicus	RN_7	RN_3	24:TCC>TCT;25:CCG>CCT;110:TTT>GTT;	3	S>S:0;Synon:1;Non_Synon:0,P>P:0;Synon:2;Non_Synon:0,F>V:50;Synon:2;Non_Synon:1
ND6	Pomatorhinus_musicus	RN_7	RN_1	9:GGT>GGA;24:TCC>TCT;25:CCG>CCT;54:GTA>GTG;110:TTT>GTT;	5	G>G:0;Synon:1;Non_Synon:0,S>S:0;Synon:2;Non_Synon:0,P>P:0;Synon:3;Non_Synon:0,V>M:21;Synon:3;Non_Synon:1,F>V:50;Synon:3;Non_Synon:2
ND6	Pomatorhinus_musicus	RN_7	RN_10	25:CCG>CCT;65:GTG>GTA;110:TTT>TCT;	3	P>P:0;Synon:1;Non_Synon:0,M>V:21;Synon:1;Non_Synon:1,F>S:155;Synon:1;Non_Synon:2
ND6	Pomatorhinus_musicus	RN_7	RN_2	24:TCC>TCT;25:CCG>CCT;110:TTT>GTT;157:GTG>GTA;	4	S>S:0;Synon:1;Non_Synon:0,P>P:0;Synon:2;Non_Synon:0,F>V:50;Synon:2;Non_Synon:1,M>V:21;Synon:2;Non_Synon:2
ND6	Pomatorhinus_musicus	RN_7	RN_11	14:TTG>CTG;24:TCC>TCT;25:CCG>CCT;43:TTG>CTG;64:CTG>TTG;65:GTG>GTA;102:ATT>GTT;110:TTT>GTT;114:GTT>GCT;122:CTG>TTG;140:GTT>GCT;158:CTG>TTA;	12	L>L:0;Synon:1;Non_Synon:0,S>S:0;Synon:2;Non_Synon:0,P>P:0;Synon:3;Non_Synon:0,L>L:0;Synon:4;Non_Synon:0,L>L:0;Synon:5;Non_Synon:0,M>V:21;Synon:5;Non_Synon:1,M>V:21;Synon:5;Non_Synon:2,F>V:50;Synon:5;Non_Synon:3,V>A:64;Synon:5;Non_Synon:4,L>L:0;Synon:6;Non_Synon:4,V>A:64;Synon:6;Non_Synon:5,L>L:0;Synon:7;Non_Synon:5
ND6	Pomatorhinus_musicus	RN_8	RN_9	65:GTA>GTG;110:TCT>TTT;129:TTC>TTT;140:GTT>GCT;	4	V>M:21;Synon:0;Non_Synon:1,S>F:155;Synon:0;Non_Synon:2,F>F:0;Synon:1;Non_Synon:2,V>A:64;Synon:1;Non_Synon:3
ND6	Pomatorhinus_musicus	RN_8	RN_5	40:TGT>TGC;65:GTA>GTG;110:TCT>TTT;129:TTC>TTT;	4	C>C:0;Synon:1;Non_Synon:0,V>M:21;Synon:1;Non_Synon:1,S>F:155;Synon:1;Non_Synon:2,F>F:0;Synon:2;Non_Synon:2
ND6	Pomatorhinus_musicus	RN_8	RN_6	15:GGT>GGC;110:TCT>TTT;129:TTC>TTT;158:CTG>TTG;	4	G>G:0;Synon:1;Non_Synon:0,S>F:155;Synon:1;Non_Synon:1,F>F:0;Synon:2;Non_Synon:1,L>L:0;Synon:3;Non_Synon:1
ND6	Pomatorhinus_musicus	RN_8	RN_3	24:TCC>TCT;65:GTA>GTG;110:TCT>GTT;129:TTC>TTT;	4	S>S:0;Synon:1;Non_Synon:0,V>M:21;Synon:1;Non_Synon:1,S>V:124;Synon:1;Non_Synon:2,F>F:0;Synon:2;Non_Synon:2
ND6	Pomatorhinus_musicus	RN_8	RN_1	9:GGT>GGA;24:TCC>TCT;54:GTA>GTG;65:GTA>GTG;110:TCT>GTT;129:TTC>TTT;	6	G>G:0;Synon:1;Non_Synon:0,S>S:0;Synon:2;Non_Synon:0,V>M:21;Synon:2;Non_Synon:1,V>M:21;Synon:2;Non_Synon:2,S>V:124;Synon:2;Non_Synon:3,F>F:0;Synon:3;Non_Synon:3
ND6	Pomatorhinus_musicus	RN_8	RN_10	129:TTC>TTT;	1	F>F:0;Synon:1;Non_Synon:0
ND6	Pomatorhinus_musicus	RN_8	RN_2	24:TCC>TCT;65:GTA>GTG;110:TCT>GTT;129:TTC>TTT;157:GTG>GTA;	5	S>S:0;Synon:1;Non_Synon:0,V>M:21;Synon:1;Non_Synon:1,S>V:124;Synon:1;Non_Synon:2,F>F:0;Synon:2;Non_Synon:2,M>V:21;Synon:2;Non_Synon:3
ND6	Pomatorhinus_musicus	RN_8	RN_11	14:TTG>CTG;24:TCC>TCT;43:TTG>CTG;64:CTG>TTG;102:ATT>GTT;110:TCT>GTT;114:GTT>GCT;122:CTG>TTG;129:TTC>TTT;140:GTT>GCT;158:CTG>TTA;	11	L>L:0;Synon:1;Non_Synon:0,S>S:0;Synon:2;Non_Synon:0,L>L:0;Synon:3;Non_Synon:0,L>L:0;Synon:4;Non_Synon:0,M>V:21;Synon:4;Non_Synon:1,S>V:124;Synon:4;Non_Synon:2,V>A:64;Synon:4;Non_Synon:3,L>L:0;Synon:5;Non_Synon:3,F>F:0;Synon:6;Non_Synon:3,V>A:64;Synon:6;Non_Synon:4,L>L:0;Synon:7;Non_Synon:4
ND6	Pomatorhinus_musicus	RN_9	RN_5	40:TGT>TGC;140:GCT>GTT;	2	C>C:0;Synon:1;Non_Synon:0,A>V:64;Synon:1;Non_Synon:1
ND6	Pomatorhinus_musicus	RN_9	RN_6	15:GGT>GGC;65:GTG>GTA;140:GCT>GTT;158:CTG>TTG;	4	G>G:0;Synon:1;Non_Synon:0,M>V:21;Synon:1;Non_Synon:1,A>V:64;Synon:1;Non_Synon:2,L>L:0;Synon:2;Non_Synon:2
ND6	Pomatorhinus_musicus	RN_9	RN_3	24:TCC>TCT;110:TTT>GTT;140:GCT>GTT;	3	S>S:0;Synon:1;Non_Synon:0,F>V:50;Synon:1;Non_Synon:1,A>V:64;Synon:1;Non_Synon:2
ND6	Pomatorhinus_musicus	RN_9	RN_1	9:GGT>GGA;24:TCC>TCT;54:GTA>GTG;110:TTT>GTT;140:GCT>GTT;	5	G>G:0;Synon:1;Non_Synon:0,S>S:0;Synon:2;Non_Synon:0,V>M:21;Synon:2;Non_Synon:1,F>V:50;Synon:2;Non_Synon:2,A>V:64;Synon:2;Non_Synon:3
ND6	Pomatorhinus_musicus	RN_9	RN_10	65:GTG>GTA;110:TTT>TCT;140:GCT>GTT;	3	M>V:21;Synon:0;Non_Synon:1,F>S:155;Synon:0;Non_Synon:2,A>V:64;Synon:0;Non_Synon:3
ND6	Pomatorhinus_musicus	RN_9	RN_2	24:TCC>TCT;110:TTT>GTT;140:GCT>GTT;157:GTG>GTA;	4	S>S:0;Synon:1;Non_Synon:0,F>V:50;Synon:1;Non_Synon:1,A>V:64;Synon:1;Non_Synon:2,M>V:21;Synon:1;Non_Synon:3
ND6	Pomatorhinus_musicus	RN_9	RN_11	14:TTG>CTG;24:TCC>TCT;43:TTG>CTG;64:CTG>TTG;65:GTG>GTA;102:ATT>GTT;110:TTT>GTT;114:GTT>GCT;122:CTG>TTG;158:CTG>TTA;	10	L>L:0;Synon:1;Non_Synon:0,S>S:0;Synon:2;Non_Synon:0,L>L:0;Synon:3;Non_Synon:0,L>L:0;Synon:4;Non_Synon:0,M>V:21;Synon:4;Non_Synon:1,M>V:21;Synon:4;Non_Synon:2,F>V:50;Synon:4;Non_Synon:3,V>A:64;Synon:4;Non_Synon:4,L>L:0;Synon:5;Non_Synon:4,L>L:0;Synon:6;Non_Synon:4
ND6	Pomatorhinus_musicus	RN_5	RN_6	15:GGT>GGC;40:TGC>TGT;65:GTG>GTA;158:CTG>TTG;	4	G>G:0;Synon:1;Non_Synon:0,C>C:0;Synon:2;Non_Synon:0,M>V:21;Synon:2;Non_Synon:1,L>L:0;Synon:3;Non_Synon:1
ND6	Pomatorhinus_musicus	RN_5	RN_3	24:TCC>TCT;40:TGC>TGT;110:TTT>GTT;	3	S>S:0;Synon:1;Non_Synon:0,C>C:0;Synon:2;Non_Synon:0,F>V:50;Synon:2;Non_Synon:1
ND6	Pomatorhinus_musicus	RN_5	RN_1	9:GGT>GGA;24:TCC>TCT;40:TGC>TGT;54:GTA>GTG;110:TTT>GTT;	5	G>G:0;Synon:1;Non_Synon:0,S>S:0;Synon:2;Non_Synon:0,C>C:0;Synon:3;Non_Synon:0,V>M:21;Synon:3;Non_Synon:1,F>V:50;Synon:3;Non_Synon:2
ND6	Pomatorhinus_musicus	RN_5	RN_10	40:TGC>TGT;65:GTG>GTA;110:TTT>TCT;	3	C>C:0;Synon:1;Non_Synon:0,M>V:21;Synon:1;Non_Synon:1,F>S:155;Synon:1;Non_Synon:2
ND6	Pomatorhinus_musicus	RN_5	RN_2	24:TCC>TCT;40:TGC>TGT;110:TTT>GTT;157:GTG>GTA;	4	S>S:0;Synon:1;Non_Synon:0,C>C:0;Synon:2;Non_Synon:0,F>V:50;Synon:2;Non_Synon:1,M>V:21;Synon:2;Non_Synon:2
ND6	Pomatorhinus_musicus	RN_5	RN_11	14:TTG>CTG;24:TCC>TCT;40:TGC>TGT;43:TTG>CTG;64:CTG>TTG;65:GTG>GTA;102:ATT>GTT;110:TTT>GTT;114:GTT>GCT;122:CTG>TTG;140:GTT>GCT;158:CTG>TTA;	12	L>L:0;Synon:1;Non_Synon:0,S>S:0;Synon:2;Non_Synon:0,C>C:0;Synon:3;Non_Synon:0,L>L:0;Synon:4;Non_Synon:0,L>L:0;Synon:5;Non_Synon:0,M>V:21;Synon:5;Non_Synon:1,M>V:21;Synon:5;Non_Synon:2,F>V:50;Synon:5;Non_Synon:3,V>A:64;Synon:5;Non_Synon:4,L>L:0;Synon:6;Non_Synon:4,V>A:64;Synon:6;Non_Synon:5,L>L:0;Synon:7;Non_Synon:5
ND6	Pomatorhinus_musicus	RN_6	RN_3	15:GGC>GGT;24:TCC>TCT;65:GTA>GTG;110:TTT>GTT;158:TTG>CTG;	5	G>G:0;Synon:1;Non_Synon:0,S>S:0;Synon:2;Non_Synon:0,V>M:21;Synon:2;Non_Synon:1,F>V:50;Synon:2;Non_Synon:2,L>L:0;Synon:3;Non_Synon:2
ND6	Pomatorhinus_musicus	RN_6	RN_1	9:GGT>GGA;15:GGC>GGT;24:TCC>TCT;54:GTA>GTG;65:GTA>GTG;110:TTT>GTT;158:TTG>CTG;	7	G>G:0;Synon:1;Non_Synon:0,G>G:0;Synon:2;Non_Synon:0,S>S:0;Synon:3;Non_Synon:0,V>M:21;Synon:3;Non_Synon:1,V>M:21;Synon:3;Non_Synon:2,F>V:50;Synon:3;Non_Synon:3,L>L:0;Synon:4;Non_Synon:3
ND6	Pomatorhinus_musicus	RN_6	RN_10	15:GGC>GGT;110:TTT>TCT;158:TTG>CTG;	3	G>G:0;Synon:1;Non_Synon:0,F>S:155;Synon:1;Non_Synon:1,L>L:0;Synon:2;Non_Synon:1
ND6	Pomatorhinus_musicus	RN_6	RN_2	15:GGC>GGT;24:TCC>TCT;65:GTA>GTG;110:TTT>GTT;157:GTG>GTA;158:TTG>CTG;	6	G>G:0;Synon:1;Non_Synon:0,S>S:0;Synon:2;Non_Synon:0,V>M:21;Synon:2;Non_Synon:1,F>V:50;Synon:2;Non_Synon:2,M>V:21;Synon:2;Non_Synon:3,L>L:0;Synon:3;Non_Synon:3
ND6	Pomatorhinus_musicus	RN_6	RN_11	14:TTG>CTG;15:GGC>GGT;24:TCC>TCT;43:TTG>CTG;64:CTG>TTG;102:ATT>GTT;110:TTT>GTT;114:GTT>GCT;122:CTG>TTG;140:GTT>GCT;158:TTG>TTA;	11	L>L:0;Synon:1;Non_Synon:0,G>G:0;Synon:2;Non_Synon:0,S>S:0;Synon:3;Non_Synon:0,L>L:0;Synon:4;Non_Synon:0,L>L:0;Synon:5;Non_Synon:0,M>V:21;Synon:5;Non_Synon:1,F>V:50;Synon:5;Non_Synon:2,V>A:64;Synon:5;Non_Synon:3,L>L:0;Synon:6;Non_Synon:3,V>A:64;Synon:6;Non_Synon:4,L>L:0;Synon:7;Non_Synon:4
ND6	Pomatorhinus_musicus	RN_3	RN_1	9:GGT>GGA;54:GTA>GTG;	2	G>G:0;Synon:1;Non_Synon:0,V>M:21;Synon:1;Non_Synon:1
ND6	Pomatorhinus_musicus	RN_3	RN_10	24:TCT>TCC;65:GTG>GTA;110:GTT>TCT;	3	S>S:0;Synon:1;Non_Synon:0,M>V:21;Synon:1;Non_Synon:1,V>S:124;Synon:1;Non_Synon:2
ND6	Pomatorhinus_musicus	RN_3	RN_2	157:GTG>GTA;	1	M>V:21;Synon:0;Non_Synon:1
ND6	Pomatorhinus_musicus	RN_3	RN_11	14:TTG>CTG;43:TTG>CTG;64:CTG>TTG;65:GTG>GTA;102:ATT>GTT;114:GTT>GCT;122:CTG>TTG;140:GTT>GCT;158:CTG>TTA;	9	L>L:0;Synon:1;Non_Synon:0,L>L:0;Synon:2;Non_Synon:0,L>L:0;Synon:3;Non_Synon:0,M>V:21;Synon:3;Non_Synon:1,M>V:21;Synon:3;Non_Synon:2,V>A:64;Synon:3;Non_Synon:3,L>L:0;Synon:4;Non_Synon:3,V>A:64;Synon:4;Non_Synon:4,L>L:0;Synon:5;Non_Synon:4
ND6	Pomatorhinus_musicus	RN_1	RN_10	9:GGA>GGT;24:TCT>TCC;54:GTG>GTA;65:GTG>GTA;110:GTT>TCT;	5	G>G:0;Synon:1;Non_Synon:0,S>S:0;Synon:2;Non_Synon:0,M>V:21;Synon:2;Non_Synon:1,M>V:21;Synon:2;Non_Synon:2,V>S:124;Synon:2;Non_Synon:3
ND6	Pomatorhinus_musicus	RN_1	RN_2	9:GGA>GGT;54:GTG>GTA;157:GTG>GTA;	3	G>G:0;Synon:1;Non_Synon:0,M>V:21;Synon:1;Non_Synon:1,M>V:21;Synon:1;Non_Synon:2
ND6	Pomatorhinus_musicus	RN_1	RN_11	9:GGA>GGT;14:TTG>CTG;43:TTG>CTG;54:GTG>GTA;64:CTG>TTG;65:GTG>GTA;102:ATT>GTT;114:GTT>GCT;122:CTG>TTG;140:GTT>GCT;158:CTG>TTA;	11	G>G:0;Synon:1;Non_Synon:0,L>L:0;Synon:2;Non_Synon:0,L>L:0;Synon:3;Non_Synon:0,M>V:21;Synon:3;Non_Synon:1,L>L:0;Synon:4;Non_Synon:1,M>V:21;Synon:4;Non_Synon:2,M>V:21;Synon:4;Non_Synon:3,V>A:64;Synon:4;Non_Synon:4,L>L:0;Synon:5;Non_Synon:4,V>A:64;Synon:5;Non_Synon:5,L>L:0;Synon:6;Non_Synon:5
ND6	Pomatorhinus_musicus	RN_10	RN_2	24:TCC>TCT;65:GTA>GTG;110:TCT>GTT;157:GTG>GTA;	4	S>S:0;Synon:1;Non_Synon:0,V>M:21;Synon:1;Non_Synon:1,S>V:124;Synon:1;Non_Synon:2,M>V:21;Synon:1;Non_Synon:3
ND6	Pomatorhinus_musicus	RN_10	RN_11	14:TTG>CTG;24:TCC>TCT;43:TTG>CTG;64:CTG>TTG;102:ATT>GTT;110:TCT>GTT;114:GTT>GCT;122:CTG>TTG;140:GTT>GCT;158:CTG>TTA;	10	L>L:0;Synon:1;Non_Synon:0,S>S:0;Synon:2;Non_Synon:0,L>L:0;Synon:3;Non_Synon:0,L>L:0;Synon:4;Non_Synon:0,M>V:21;Synon:4;Non_Synon:1,S>V:124;Synon:4;Non_Synon:2,V>A:64;Synon:4;Non_Synon:3,L>L:0;Synon:5;Non_Synon:3,V>A:64;Synon:5;Non_Synon:4,L>L:0;Synon:6;Non_Synon:4
ND6	Pomatorhinus_musicus	RN_2	RN_11	14:TTG>CTG;43:TTG>CTG;64:CTG>TTG;65:GTG>GTA;102:ATT>GTT;114:GTT>GCT;122:CTG>TTG;140:GTT>GCT;157:GTA>GTG;158:CTG>TTA;	10	L>L:0;Synon:1;Non_Synon:0,L>L:0;Synon:2;Non_Synon:0,L>L:0;Synon:3;Non_Synon:0,M>V:21;Synon:3;Non_Synon:1,M>V:21;Synon:3;Non_Synon:2,V>A:64;Synon:3;Non_Synon:3,L>L:0;Synon:4;Non_Synon:3,V>A:64;Synon:4;Non_Synon:4,V>M:21;Synon:4;Non_Synon:5,L>L:0;Synon:5;Non_Synon:5
ND6	Pomatorhinus_ruficollis	RN_10	RN_5	51:GTC>GTT;58:GTA>GTC;79:CCA>CCG;92:CTT>CTC;142:TTG>TTA;152:CTA>TTA;	6	V>V:0;Synon:1;Non_Synon:0,V>V:0;Synon:2;Non_Synon:0,P>P:0;Synon:3;Non_Synon:0,L>L:0;Synon:4;Non_Synon:0,L>L:0;Synon:5;Non_Synon:0,L>L:0;Synon:6;Non_Synon:0
ND6	Pomatorhinus_ruficollis	RN_10	RN_37	32:CTG>TTA;39:GGG>GGA;51:GTC>GTT;53:TTG>CTG;58:GTA>GTT;63:ATG>ATA;67:TTT>TTC;72:TCG>TCA;96:TTG>CTG;142:TTG>TTA;143:TTC>TTT;148:TGA>TGG;151:TTG>TTA;158:TTA>CTA;159:GAG>GAA;163:GGT>GGG;164:TTA>TTG;	17	L>L:0;Synon:1;Non_Synon:0,G>G:0;Synon:2;Non_Synon:0,V>V:0;Synon:3;Non_Synon:0,L>L:0;Synon:4;Non_Synon:0,V>V:0;Synon:5;Non_Synon:0,M>M:0;Synon:6;Non_Synon:0,F>F:0;Synon:7;Non_Synon:0,S>S:0;Synon:8;Non_Synon:0,L>L:0;Synon:9;Non_Synon:0,L>L:0;Synon:10;Non_Synon:0,F>F:0;Synon:11;Non_Synon:0,W>W:0;Synon:12;Non_Synon:0,L>L:0;Synon:13;Non_Synon:0,L>L:0;Synon:14;Non_Synon:0,E>E:0;Synon:15;Non_Synon:0,G>G:0;Synon:16;Non_Synon:0,L>L:0;Synon:17;Non_Synon:0
ND6	Pomatorhinus_ruficollis	RN_10	RN_64	21:TCC>TCT;23:CCC>CCT;32:CTG>TTG;36:TCT>TCC;51:GTC>GTT;58:GTA>GTT;64:TTG>CTG;72:TCG>TCA;73:CTA>CTG;78:TAC>TAT;83:GGG>GGT;89:GGG>GGT;93:GGG>GGA;96:TTG>CTG;99:ACG>ATG;120:GTT>GCT;127:TTA>TTG;137:TCA>TCG;138:TGA>TGG;142:TTG>TTA;145:ATT>ATC;	21	S>S:0;Synon:1;Non_Synon:0,P>P:0;Synon:2;Non_Synon:0,L>L:0;Synon:3;Non_Synon:0,S>S:0;Synon:4;Non_Synon:0,V>V:0;Synon:5;Non_Synon:0,V>V:0;Synon:6;Non_Synon:0,L>L:0;Synon:7;Non_Synon:0,S>S:0;Synon:8;Non_Synon:0,L>L:0;Synon:9;Non_Synon:0,Y>Y:0;Synon:10;Non_Synon:0,G>G:0;Synon:11;Non_Synon:0,G>G:0;Synon:12;Non_Synon:0,G>G:0;Synon:13;Non_Synon:0,L>L:0;Synon:14;Non_Synon:0,T>M:81;Synon:14;Non_Synon:1,V>A:64;Synon:14;Non_Synon:2,L>L:0;Synon:15;Non_Synon:2,S>S:0;Synon:16;Non_Synon:2,W>W:0;Synon:17;Non_Synon:2,L>L:0;Synon:18;Non_Synon:2,M>M:0;Synon:19;Non_Synon:2
ND6	Pomatorhinus_ruficollis	RN_10	RN_44	8:TTA>CTA;16:GGA>GGG;51:GTC>GTT;58:GTA>GTC;142:TTG>TTA;	5	L>L:0;Synon:1;Non_Synon:0,G>G:0;Synon:2;Non_Synon:0,V>V:0;Synon:3;Non_Synon:0,V>V:0;Synon:4;Non_Synon:0,L>L:0;Synon:5;Non_Synon:0
ND6	Pomatorhinus_ruficollis	RN_10	RN_50	51:GTC>GTT;58:GTA>GTC;79:CCA>CCG;88:GTT>ATT;127:TTA>TTG;142:TTG>TTA;	6	V>V:0;Synon:1;Non_Synon:0,V>V:0;Synon:2;Non_Synon:0,P>P:0;Synon:3;Non_Synon:0,V>M:21;Synon:3;Non_Synon:1,L>L:0;Synon:4;Non_Synon:1,L>L:0;Synon:5;Non_Synon:1
ND6	Pomatorhinus_ruficollis	RN_10	RN_16	32:CTG>TTA;39:GGG>GGA;51:GTC>GTT;58:GTA>GTT;63:ATG>ATA;75:GCG>GCA;96:TTG>CTG;142:TTG>TTA;143:TTC>TTT;148:TGA>TGG;151:TTG>TTA;159:GAG>GAA;163:GGT>GGG;	13	L>L:0;Synon:1;Non_Synon:0,G>G:0;Synon:2;Non_Synon:0,V>V:0;Synon:3;Non_Synon:0,V>V:0;Synon:4;Non_Synon:0,M>M:0;Synon:5;Non_Synon:0,A>A:0;Synon:6;Non_Synon:0,L>L:0;Synon:7;Non_Synon:0,L>L:0;Synon:8;Non_Synon:0,F>F:0;Synon:9;Non_Synon:0,W>W:0;Synon:10;Non_Synon:0,L>L:0;Synon:11;Non_Synon:0,E>E:0;Synon:12;Non_Synon:0,G>G:0;Synon:13;Non_Synon:0
ND6	Pomatorhinus_ruficollis	RN_10	RN_11	32:CTG>TTA;39:GGG>GGA;51:GTC>GTT;58:GTA>GTT;61:GGG>GGA;63:ATG>ATA;74:GCG>GCA;96:TTG>CTG;138:TGA>TGG;142:TTG>TTA;143:TTC>TTT;148:TGA>TGG;151:TTG>TTA;152:CTA>TTA;159:GAG>GAA;161:GTG>GTT;163:GGT>GGG;	17	L>L:0;Synon:1;Non_Synon:0,G>G:0;Synon:2;Non_Synon:0,V>V:0;Synon:3;Non_Synon:0,V>V:0;Synon:4;Non_Synon:0,G>G:0;Synon:5;Non_Synon:0,M>M:0;Synon:6;Non_Synon:0,A>A:0;Synon:7;Non_Synon:0,L>L:0;Synon:8;Non_Synon:0,W>W:0;Synon:9;Non_Synon:0,L>L:0;Synon:10;Non_Synon:0,F>F:0;Synon:11;Non_Synon:0,W>W:0;Synon:12;Non_Synon:0,L>L:0;Synon:13;Non_Synon:0,L>L:0;Synon:14;Non_Synon:0,E>E:0;Synon:15;Non_Synon:0,M>V:21;Synon:15;Non_Synon:1,G>G:0;Synon:16;Non_Synon:1
ND6	Pomatorhinus_ruficollis	RN_10	RN_67	21:TCC>TCT;23:CCC>CCT;32:CTG>TTG;36:TCT>TCC;51:GTC>GTT;58:GTA>GTT;64:TTG>CTG;72:TCG>TCA;73:CTA>CTG;78:TAC>TAT;83:GGG>GGT;89:GGG>GGT;92:CTT>TTT;93:GGG>GGA;96:TTG>CTG;99:ACG>ATG;102:ATT>ATC;120:GTT>GCT;127:TTA>TTG;137:TCA>TCG;138:TGA>TGG;142:TTG>TTA;143:TTC>TTT;145:ATT>ATC;	24	S>S:0;Synon:1;Non_Synon:0,P>P:0;Synon:2;Non_Synon:0,L>L:0;Synon:3;Non_Synon:0,S>S:0;Synon:4;Non_Synon:0,V>V:0;Synon:5;Non_Synon:0,V>V:0;Synon:6;Non_Synon:0,L>L:0;Synon:7;Non_Synon:0,S>S:0;Synon:8;Non_Synon:0,L>L:0;Synon:9;Non_Synon:0,Y>Y:0;Synon:10;Non_Synon:0,G>G:0;Synon:11;Non_Synon:0,G>G:0;Synon:12;Non_Synon:0,L>F:22;Synon:12;Non_Synon:1,G>G:0;Synon:13;Non_Synon:1,L>L:0;Synon:14;Non_Synon:1,T>M:81;Synon:14;Non_Synon:2,M>M:0;Synon:15;Non_Synon:2,V>A:64;Synon:15;Non_Synon:3,L>L:0;Synon:16;Non_Synon:3,S>S:0;Synon:17;Non_Synon:3,W>W:0;Synon:18;Non_Synon:3,L>L:0;Synon:19;Non_Synon:3,F>F:0;Synon:20;Non_Synon:3,M>M:0;Synon:21;Non_Synon:3
ND6	Pomatorhinus_ruficollis	RN_10	RN_20	78:TAC>TAT;121:GGC>GGT;142:TTG>TTA;143:TTC>TTT;	4	Y>Y:0;Synon:1;Non_Synon:0,G>G:0;Synon:2;Non_Synon:0,L>L:0;Synon:3;Non_Synon:0,F>F:0;Synon:4;Non_Synon:0
ND6	Pomatorhinus_ruficollis	RN_5	RN_37	32:CTG>TTA;39:GGG>GGA;53:TTG>CTG;58:GTC>GTT;63:ATG>ATA;67:TTT>TTC;72:TCG>TCA;79:CCG>CCA;92:CTC>CTT;96:TTG>CTG;143:TTC>TTT;148:TGA>TGG;151:TTG>TTA;152:TTA>CTA;158:TTA>CTA;159:GAG>GAA;163:GGT>GGG;164:TTA>TTG;	18	L>L:0;Synon:1;Non_Synon:0,G>G:0;Synon:2;Non_Synon:0,L>L:0;Synon:3;Non_Synon:0,V>V:0;Synon:4;Non_Synon:0,M>M:0;Synon:5;Non_Synon:0,F>F:0;Synon:6;Non_Synon:0,S>S:0;Synon:7;Non_Synon:0,P>P:0;Synon:8;Non_Synon:0,L>L:0;Synon:9;Non_Synon:0,L>L:0;Synon:10;Non_Synon:0,F>F:0;Synon:11;Non_Synon:0,W>W:0;Synon:12;Non_Synon:0,L>L:0;Synon:13;Non_Synon:0,L>L:0;Synon:14;Non_Synon:0,L>L:0;Synon:15;Non_Synon:0,E>E:0;Synon:16;Non_Synon:0,G>G:0;Synon:17;Non_Synon:0,L>L:0;Synon:18;Non_Synon:0
ND6	Pomatorhinus_ruficollis	RN_5	RN_64	21:TCC>TCT;23:CCC>CCT;32:CTG>TTG;36:TCT>TCC;58:GTC>GTT;64:TTG>CTG;72:TCG>TCA;73:CTA>CTG;78:TAC>TAT;79:CCG>CCA;83:GGG>GGT;89:GGG>GGT;92:CTC>CTT;93:GGG>GGA;96:TTG>CTG;99:ACG>ATG;120:GTT>GCT;127:TTA>TTG;137:TCA>TCG;138:TGA>TGG;145:ATT>ATC;152:TTA>CTA;	22	S>S:0;Synon:1;Non_Synon:0,P>P:0;Synon:2;Non_Synon:0,L>L:0;Synon:3;Non_Synon:0,S>S:0;Synon:4;Non_Synon:0,V>V:0;Synon:5;Non_Synon:0,L>L:0;Synon:6;Non_Synon:0,S>S:0;Synon:7;Non_Synon:0,L>L:0;Synon:8;Non_Synon:0,Y>Y:0;Synon:9;Non_Synon:0,P>P:0;Synon:10;Non_Synon:0,G>G:0;Synon:11;Non_Synon:0,G>G:0;Synon:12;Non_Synon:0,L>L:0;Synon:13;Non_Synon:0,G>G:0;Synon:14;Non_Synon:0,L>L:0;Synon:15;Non_Synon:0,T>M:81;Synon:15;Non_Synon:1,V>A:64;Synon:15;Non_Synon:2,L>L:0;Synon:16;Non_Synon:2,S>S:0;Synon:17;Non_Synon:2,W>W:0;Synon:18;Non_Synon:2,M>M:0;Synon:19;Non_Synon:2,L>L:0;Synon:20;Non_Synon:2
ND6	Pomatorhinus_ruficollis	RN_5	RN_44	8:TTA>CTA;16:GGA>GGG;79:CCG>CCA;92:CTC>CTT;152:TTA>CTA;	5	L>L:0;Synon:1;Non_Synon:0,G>G:0;Synon:2;Non_Synon:0,P>P:0;Synon:3;Non_Synon:0,L>L:0;Synon:4;Non_Synon:0,L>L:0;Synon:5;Non_Synon:0
ND6	Pomatorhinus_ruficollis	RN_5	RN_50	88:GTT>ATT;92:CTC>CTT;127:TTA>TTG;152:TTA>CTA;	4	V>M:21;Synon:0;Non_Synon:1,L>L:0;Synon:1;Non_Synon:1,L>L:0;Synon:2;Non_Synon:1,L>L:0;Synon:3;Non_Synon:1
ND6	Pomatorhinus_ruficollis	RN_5	RN_16	32:CTG>TTA;39:GGG>GGA;58:GTC>GTT;63:ATG>ATA;75:GCG>GCA;79:CCG>CCA;92:CTC>CTT;96:TTG>CTG;143:TTC>TTT;148:TGA>TGG;151:TTG>TTA;152:TTA>CTA;159:GAG>GAA;163:GGT>GGG;	14	L>L:0;Synon:1;Non_Synon:0,G>G:0;Synon:2;Non_Synon:0,V>V:0;Synon:3;Non_Synon:0,M>M:0;Synon:4;Non_Synon:0,A>A:0;Synon:5;Non_Synon:0,P>P:0;Synon:6;Non_Synon:0,L>L:0;Synon:7;Non_Synon:0,L>L:0;Synon:8;Non_Synon:0,F>F:0;Synon:9;Non_Synon:0,W>W:0;Synon:10;Non_Synon:0,L>L:0;Synon:11;Non_Synon:0,L>L:0;Synon:12;Non_Synon:0,E>E:0;Synon:13;Non_Synon:0,G>G:0;Synon:14;Non_Synon:0
ND6	Pomatorhinus_ruficollis	RN_5	RN_11	32:CTG>TTA;39:GGG>GGA;58:GTC>GTT;61:GGG>GGA;63:ATG>ATA;74:GCG>GCA;79:CCG>CCA;92:CTC>CTT;96:TTG>CTG;138:TGA>TGG;143:TTC>TTT;148:TGA>TGG;151:TTG>TTA;159:GAG>GAA;161:GTG>GTT;163:GGT>GGG;	16	L>L:0;Synon:1;Non_Synon:0,G>G:0;Synon:2;Non_Synon:0,V>V:0;Synon:3;Non_Synon:0,G>G:0;Synon:4;Non_Synon:0,M>M:0;Synon:5;Non_Synon:0,A>A:0;Synon:6;Non_Synon:0,P>P:0;Synon:7;Non_Synon:0,L>L:0;Synon:8;Non_Synon:0,L>L:0;Synon:9;Non_Synon:0,W>W:0;Synon:10;Non_Synon:0,F>F:0;Synon:11;Non_Synon:0,W>W:0;Synon:12;Non_Synon:0,L>L:0;Synon:13;Non_Synon:0,E>E:0;Synon:14;Non_Synon:0,M>V:21;Synon:14;Non_Synon:1,G>G:0;Synon:15;Non_Synon:1
ND6	Pomatorhinus_ruficollis	RN_5	RN_67	21:TCC>TCT;23:CCC>CCT;32:CTG>TTG;36:TCT>TCC;58:GTC>GTT;64:TTG>CTG;72:TCG>TCA;73:CTA>CTG;78:TAC>TAT;79:CCG>CCA;83:GGG>GGT;89:GGG>GGT;92:CTC>TTT;93:GGG>GGA;96:TTG>CTG;99:ACG>ATG;102:ATT>ATC;120:GTT>GCT;127:TTA>TTG;137:TCA>TCG;138:TGA>TGG;143:TTC>TTT;145:ATT>ATC;152:TTA>CTA;	24	S>S:0;Synon:1;Non_Synon:0,P>P:0;Synon:2;Non_Synon:0,L>L:0;Synon:3;Non_Synon:0,S>S:0;Synon:4;Non_Synon:0,V>V:0;Synon:5;Non_Synon:0,L>L:0;Synon:6;Non_Synon:0,S>S:0;Synon:7;Non_Synon:0,L>L:0;Synon:8;Non_Synon:0,Y>Y:0;Synon:9;Non_Synon:0,P>P:0;Synon:10;Non_Synon:0,G>G:0;Synon:11;Non_Synon:0,G>G:0;Synon:12;Non_Synon:0,L>F:22;Synon:12;Non_Synon:1,G>G:0;Synon:13;Non_Synon:1,L>L:0;Synon:14;Non_Synon:1,T>M:81;Synon:14;Non_Synon:2,M>M:0;Synon:15;Non_Synon:2,V>A:64;Synon:15;Non_Synon:3,L>L:0;Synon:16;Non_Synon:3,S>S:0;Synon:17;Non_Synon:3,W>W:0;Synon:18;Non_Synon:3,F>F:0;Synon:19;Non_Synon:3,M>M:0;Synon:20;Non_Synon:3,L>L:0;Synon:21;Non_Synon:3
ND6	Pomatorhinus_ruficollis	RN_5	RN_20	51:GTT>GTC;58:GTC>GTA;78:TAC>TAT;79:CCG>CCA;92:CTC>CTT;121:GGC>GGT;143:TTC>TTT;152:TTA>CTA;	8	V>V:0;Synon:1;Non_Synon:0,V>V:0;Synon:2;Non_Synon:0,Y>Y:0;Synon:3;Non_Synon:0,P>P:0;Synon:4;Non_Synon:0,L>L:0;Synon:5;Non_Synon:0,G>G:0;Synon:6;Non_Synon:0,F>F:0;Synon:7;Non_Synon:0,L>L:0;Synon:8;Non_Synon:0
ND6	Pomatorhinus_ruficollis	RN_37	RN_64	21:TCC>TCT;23:CCC>CCT;32:TTA>TTG;36:TCT>TCC;39:GGA>GGG;53:CTG>TTG;63:ATA>ATG;64:TTG>CTG;67:TTC>TTT;73:CTA>CTG;78:TAC>TAT;83:GGG>GGT;89:GGG>GGT;93:GGG>GGA;99:ACG>ATG;120:GTT>GCT;127:TTA>TTG;137:TCA>TCG;138:TGA>TGG;143:TTT>TTC;145:ATT>ATC;148:TGG>TGA;151:TTA>TTG;158:CTA>TTA;159:GAA>GAG;163:GGG>GGT;164:TTG>TTA;	27	S>S:0;Synon:1;Non_Synon:0,P>P:0;Synon:2;Non_Synon:0,L>L:0;Synon:3;Non_Synon:0,S>S:0;Synon:4;Non_Synon:0,G>G:0;Synon:5;Non_Synon:0,L>L:0;Synon:6;Non_Synon:0,M>M:0;Synon:7;Non_Synon:0,L>L:0;Synon:8;Non_Synon:0,F>F:0;Synon:9;Non_Synon:0,L>L:0;Synon:10;Non_Synon:0,Y>Y:0;Synon:11;Non_Synon:0,G>G:0;Synon:12;Non_Synon:0,G>G:0;Synon:13;Non_Synon:0,G>G:0;Synon:14;Non_Synon:0,T>M:81;Synon:14;Non_Synon:1,V>A:64;Synon:14;Non_Synon:2,L>L:0;Synon:15;Non_Synon:2,S>S:0;Synon:16;Non_Synon:2,W>W:0;Synon:17;Non_Synon:2,F>F:0;Synon:18;Non_Synon:2,M>M:0;Synon:19;Non_Synon:2,W>W:0;Synon:20;Non_Synon:2,L>L:0;Synon:21;Non_Synon:2,L>L:0;Synon:22;Non_Synon:2,E>E:0;Synon:23;Non_Synon:2,G>G:0;Synon:24;Non_Synon:2,L>L:0;Synon:25;Non_Synon:2
ND6	Pomatorhinus_ruficollis	RN_37	RN_44	8:TTA>CTA;16:GGA>GGG;32:TTA>CTG;39:GGA>GGG;53:CTG>TTG;58:GTT>GTC;63:ATA>ATG;67:TTC>TTT;72:TCA>TCG;96:CTG>TTG;143:TTT>TTC;148:TGG>TGA;151:TTA>TTG;158:CTA>TTA;159:GAA>GAG;163:GGG>GGT;164:TTG>TTA;	17	L>L:0;Synon:1;Non_Synon:0,G>G:0;Synon:2;Non_Synon:0,L>L:0;Synon:3;Non_Synon:0,G>G:0;Synon:4;Non_Synon:0,L>L:0;Synon:5;Non_Synon:0,V>V:0;Synon:6;Non_Synon:0,M>M:0;Synon:7;Non_Synon:0,F>F:0;Synon:8;Non_Synon:0,S>S:0;Synon:9;Non_Synon:0,L>L:0;Synon:10;Non_Synon:0,F>F:0;Synon:11;Non_Synon:0,W>W:0;Synon:12;Non_Synon:0,L>L:0;Synon:13;Non_Synon:0,L>L:0;Synon:14;Non_Synon:0,E>E:0;Synon:15;Non_Synon:0,G>G:0;Synon:16;Non_Synon:0,L>L:0;Synon:17;Non_Synon:0
ND6	Pomatorhinus_ruficollis	RN_37	RN_50	32:TTA>CTG;39:GGA>GGG;53:CTG>TTG;58:GTT>GTC;63:ATA>ATG;67:TTC>TTT;72:TCA>TCG;79:CCA>CCG;88:GTT>ATT;96:CTG>TTG;127:TTA>TTG;143:TTT>TTC;148:TGG>TGA;151:TTA>TTG;158:CTA>TTA;159:GAA>GAG;163:GGG>GGT;164:TTG>TTA;	18	L>L:0;Synon:1;Non_Synon:0,G>G:0;Synon:2;Non_Synon:0,L>L:0;Synon:3;Non_Synon:0,V>V:0;Synon:4;Non_Synon:0,M>M:0;Synon:5;Non_Synon:0,F>F:0;Synon:6;Non_Synon:0,S>S:0;Synon:7;Non_Synon:0,P>P:0;Synon:8;Non_Synon:0,V>M:21;Synon:8;Non_Synon:1,L>L:0;Synon:9;Non_Synon:1,L>L:0;Synon:10;Non_Synon:1,F>F:0;Synon:11;Non_Synon:1,W>W:0;Synon:12;Non_Synon:1,L>L:0;Synon:13;Non_Synon:1,L>L:0;Synon:14;Non_Synon:1,E>E:0;Synon:15;Non_Synon:1,G>G:0;Synon:16;Non_Synon:1,L>L:0;Synon:17;Non_Synon:1
ND6	Pomatorhinus_ruficollis	RN_37	RN_16	53:CTG>TTG;67:TTC>TTT;72:TCA>TCG;75:GCG>GCA;158:CTA>TTA;164:TTG>TTA;	6	L>L:0;Synon:1;Non_Synon:0,F>F:0;Synon:2;Non_Synon:0,S>S:0;Synon:3;Non_Synon:0,A>A:0;Synon:4;Non_Synon:0,L>L:0;Synon:5;Non_Synon:0,L>L:0;Synon:6;Non_Synon:0
ND6	Pomatorhinus_ruficollis	RN_37	RN_11	53:CTG>TTG;61:GGG>GGA;67:TTC>TTT;72:TCA>TCG;74:GCG>GCA;138:TGA>TGG;152:CTA>TTA;158:CTA>TTA;161:GTG>GTT;164:TTG>TTA;	10	L>L:0;Synon:1;Non_Synon:0,G>G:0;Synon:2;Non_Synon:0,F>F:0;Synon:3;Non_Synon:0,S>S:0;Synon:4;Non_Synon:0,A>A:0;Synon:5;Non_Synon:0,W>W:0;Synon:6;Non_Synon:0,L>L:0;Synon:7;Non_Synon:0,L>L:0;Synon:8;Non_Synon:0,M>V:21;Synon:8;Non_Synon:1,L>L:0;Synon:9;Non_Synon:1
ND6	Pomatorhinus_ruficollis	RN_37	RN_67	21:TCC>TCT;23:CCC>CCT;32:TTA>TTG;36:TCT>TCC;39:GGA>GGG;53:CTG>TTG;63:ATA>ATG;64:TTG>CTG;67:TTC>TTT;73:CTA>CTG;78:TAC>TAT;83:GGG>GGT;89:GGG>GGT;92:CTT>TTT;93:GGG>GGA;99:ACG>ATG;102:ATT>ATC;120:GTT>GCT;127:TTA>TTG;137:TCA>TCG;138:TGA>TGG;145:ATT>ATC;148:TGG>TGA;151:TTA>TTG;158:CTA>TTA;159:GAA>GAG;163:GGG>GGT;164:TTG>TTA;	28	S>S:0;Synon:1;Non_Synon:0,P>P:0;Synon:2;Non_Synon:0,L>L:0;Synon:3;Non_Synon:0,S>S:0;Synon:4;Non_Synon:0,G>G:0;Synon:5;Non_Synon:0,L>L:0;Synon:6;Non_Synon:0,M>M:0;Synon:7;Non_Synon:0,L>L:0;Synon:8;Non_Synon:0,F>F:0;Synon:9;Non_Synon:0,L>L:0;Synon:10;Non_Synon:0,Y>Y:0;Synon:11;Non_Synon:0,G>G:0;Synon:12;Non_Synon:0,G>G:0;Synon:13;Non_Synon:0,L>F:22;Synon:13;Non_Synon:1,G>G:0;Synon:14;Non_Synon:1,T>M:81;Synon:14;Non_Synon:2,M>M:0;Synon:15;Non_Synon:2,V>A:64;Synon:15;Non_Synon:3,L>L:0;Synon:16;Non_Synon:3,S>S:0;Synon:17;Non_Synon:3,W>W:0;Synon:18;Non_Synon:3,M>M:0;Synon:19;Non_Synon:3,W>W:0;Synon:20;Non_Synon:3,L>L:0;Synon:21;Non_Synon:3,L>L:0;Synon:22;Non_Synon:3,E>E:0;Synon:23;Non_Synon:3,G>G:0;Synon:24;Non_Synon:3,L>L:0;Synon:25;Non_Synon:3
ND6	Pomatorhinus_ruficollis	RN_37	RN_20	32:TTA>CTG;39:GGA>GGG;51:GTT>GTC;53:CTG>TTG;58:GTT>GTA;63:ATA>ATG;67:TTC>TTT;72:TCA>TCG;78:TAC>TAT;96:CTG>TTG;121:GGC>GGT;148:TGG>TGA;151:TTA>TTG;158:CTA>TTA;159:GAA>GAG;163:GGG>GGT;164:TTG>TTA;	17	L>L:0;Synon:1;Non_Synon:0,G>G:0;Synon:2;Non_Synon:0,V>V:0;Synon:3;Non_Synon:0,L>L:0;Synon:4;Non_Synon:0,V>V:0;Synon:5;Non_Synon:0,M>M:0;Synon:6;Non_Synon:0,F>F:0;Synon:7;Non_Synon:0,S>S:0;Synon:8;Non_Synon:0,Y>Y:0;Synon:9;Non_Synon:0,L>L:0;Synon:10;Non_Synon:0,G>G:0;Synon:11;Non_Synon:0,W>W:0;Synon:12;Non_Synon:0,L>L:0;Synon:13;Non_Synon:0,L>L:0;Synon:14;Non_Synon:0,E>E:0;Synon:15;Non_Synon:0,G>G:0;Synon:16;Non_Synon:0,L>L:0;Synon:17;Non_Synon:0
ND6	Pomatorhinus_ruficollis	RN_64	RN_44	8:TTA>CTA;16:GGA>GGG;21:TCT>TCC;23:CCT>CCC;32:TTG>CTG;36:TCC>TCT;58:GTT>GTC;64:CTG>TTG;72:TCA>TCG;73:CTG>CTA;78:TAT>TAC;83:GGT>GGG;89:GGT>GGG;93:GGA>GGG;96:CTG>TTG;99:ATG>ACG;120:GCT>GTT;127:TTG>TTA;137:TCG>TCA;138:TGG>TGA;145:ATC>ATT;	21	L>L:0;Synon:1;Non_Synon:0,G>G:0;Synon:2;Non_Synon:0,S>S:0;Synon:3;Non_Synon:0,P>P:0;Synon:4;Non_Synon:0,L>L:0;Synon:5;Non_Synon:0,S>S:0;Synon:6;Non_Synon:0,V>V:0;Synon:7;Non_Synon:0,L>L:0;Synon:8;Non_Synon:0,S>S:0;Synon:9;Non_Synon:0,L>L:0;Synon:10;Non_Synon:0,Y>Y:0;Synon:11;Non_Synon:0,G>G:0;Synon:12;Non_Synon:0,G>G:0;Synon:13;Non_Synon:0,G>G:0;Synon:14;Non_Synon:0,L>L:0;Synon:15;Non_Synon:0,M>T:81;Synon:15;Non_Synon:1,A>V:64;Synon:15;Non_Synon:2,L>L:0;Synon:16;Non_Synon:2,S>S:0;Synon:17;Non_Synon:2,W>W:0;Synon:18;Non_Synon:2,M>M:0;Synon:19;Non_Synon:2
ND6	Pomatorhinus_ruficollis	RN_64	RN_50	21:TCT>TCC;23:CCT>CCC;32:TTG>CTG;36:TCC>TCT;58:GTT>GTC;64:CTG>TTG;72:TCA>TCG;73:CTG>CTA;78:TAT>TAC;79:CCA>CCG;83:GGT>GGG;88:GTT>ATT;89:GGT>GGG;93:GGA>GGG;96:CTG>TTG;99:ATG>ACG;120:GCT>GTT;137:TCG>TCA;138:TGG>TGA;145:ATC>ATT;	20	S>S:0;Synon:1;Non_Synon:0,P>P:0;Synon:2;Non_Synon:0,L>L:0;Synon:3;Non_Synon:0,S>S:0;Synon:4;Non_Synon:0,V>V:0;Synon:5;Non_Synon:0,L>L:0;Synon:6;Non_Synon:0,S>S:0;Synon:7;Non_Synon:0,L>L:0;Synon:8;Non_Synon:0,Y>Y:0;Synon:9;Non_Synon:0,P>P:0;Synon:10;Non_Synon:0,G>G:0;Synon:11;Non_Synon:0,V>M:21;Synon:11;Non_Synon:1,G>G:0;Synon:12;Non_Synon:1,G>G:0;Synon:13;Non_Synon:1,L>L:0;Synon:14;Non_Synon:1,M>T:81;Synon:14;Non_Synon:2,A>V:64;Synon:14;Non_Synon:3,S>S:0;Synon:15;Non_Synon:3,W>W:0;Synon:16;Non_Synon:3,M>M:0;Synon:17;Non_Synon:3
ND6	Pomatorhinus_ruficollis	RN_64	RN_16	21:TCT>TCC;23:CCT>CCC;32:TTG>TTA;36:TCC>TCT;39:GGG>GGA;63:ATG>ATA;64:CTG>TTG;72:TCA>TCG;73:CTG>CTA;75:GCG>GCA;78:TAT>TAC;83:GGT>GGG;89:GGT>GGG;93:GGA>GGG;99:ATG>ACG;120:GCT>GTT;127:TTG>TTA;137:TCG>TCA;138:TGG>TGA;143:TTC>TTT;145:ATC>ATT;148:TGA>TGG;151:TTG>TTA;159:GAG>GAA;163:GGT>GGG;	25	S>S:0;Synon:1;Non_Synon:0,P>P:0;Synon:2;Non_Synon:0,L>L:0;Synon:3;Non_Synon:0,S>S:0;Synon:4;Non_Synon:0,G>G:0;Synon:5;Non_Synon:0,M>M:0;Synon:6;Non_Synon:0,L>L:0;Synon:7;Non_Synon:0,S>S:0;Synon:8;Non_Synon:0,L>L:0;Synon:9;Non_Synon:0,A>A:0;Synon:10;Non_Synon:0,Y>Y:0;Synon:11;Non_Synon:0,G>G:0;Synon:12;Non_Synon:0,G>G:0;Synon:13;Non_Synon:0,G>G:0;Synon:14;Non_Synon:0,M>T:81;Synon:14;Non_Synon:1,A>V:64;Synon:14;Non_Synon:2,L>L:0;Synon:15;Non_Synon:2,S>S:0;Synon:16;Non_Synon:2,W>W:0;Synon:17;Non_Synon:2,F>F:0;Synon:18;Non_Synon:2,M>M:0;Synon:19;Non_Synon:2,W>W:0;Synon:20;Non_Synon:2,L>L:0;Synon:21;Non_Synon:2,E>E:0;Synon:22;Non_Synon:2,G>G:0;Synon:23;Non_Synon:2
ND6	Pomatorhinus_ruficollis	RN_64	RN_11	21:TCT>TCC;23:CCT>CCC;32:TTG>TTA;36:TCC>TCT;39:GGG>GGA;61:GGG>GGA;63:ATG>ATA;64:CTG>TTG;72:TCA>TCG;73:CTG>CTA;74:GCG>GCA;78:TAT>TAC;83:GGT>GGG;89:GGT>GGG;93:GGA>GGG;99:ATG>ACG;120:GCT>GTT;127:TTG>TTA;137:TCG>TCA;143:TTC>TTT;145:ATC>ATT;148:TGA>TGG;151:TTG>TTA;152:CTA>TTA;159:GAG>GAA;161:GTG>GTT;163:GGT>GGG;	27	S>S:0;Synon:1;Non_Synon:0,P>P:0;Synon:2;Non_Synon:0,L>L:0;Synon:3;Non_Synon:0,S>S:0;Synon:4;Non_Synon:0,G>G:0;Synon:5;Non_Synon:0,G>G:0;Synon:6;Non_Synon:0,M>M:0;Synon:7;Non_Synon:0,L>L:0;Synon:8;Non_Synon:0,S>S:0;Synon:9;Non_Synon:0,L>L:0;Synon:10;Non_Synon:0,A>A:0;Synon:11;Non_Synon:0,Y>Y:0;Synon:12;Non_Synon:0,G>G:0;Synon:13;Non_Synon:0,G>G:0;Synon:14;Non_Synon:0,G>G:0;Synon:15;Non_Synon:0,M>T:81;Synon:15;Non_Synon:1,A>V:64;Synon:15;Non_Synon:2,L>L:0;Synon:16;Non_Synon:2,S>S:0;Synon:17;Non_Synon:2,F>F:0;Synon:18;Non_Synon:2,M>M:0;Synon:19;Non_Synon:2,W>W:0;Synon:20;Non_Synon:2,L>L:0;Synon:21;Non_Synon:2,L>L:0;Synon:22;Non_Synon:2,E>E:0;Synon:23;Non_Synon:2,M>V:21;Synon:23;Non_Synon:3,G>G:0;Synon:24;Non_Synon:3
ND6	Pomatorhinus_ruficollis	RN_64	RN_67	92:CTT>TTT;102:ATT>ATC;143:TTC>TTT;	3	L>F:22;Synon:0;Non_Synon:1,M>M:0;Synon:1;Non_Synon:1,F>F:0;Synon:2;Non_Synon:1
ND6	Pomatorhinus_ruficollis	RN_64	RN_20	21:TCT>TCC;23:CCT>CCC;32:TTG>CTG;36:TCC>TCT;51:GTT>GTC;58:GTT>GTA;64:CTG>TTG;72:TCA>TCG;73:CTG>CTA;83:GGT>GGG;89:GGT>GGG;93:GGA>GGG;96:CTG>TTG;99:ATG>ACG;120:GCT>GTT;121:GGC>GGT;127:TTG>TTA;137:TCG>TCA;138:TGG>TGA;143:TTC>TTT;145:ATC>ATT;	21	S>S:0;Synon:1;Non_Synon:0,P>P:0;Synon:2;Non_Synon:0,L>L:0;Synon:3;Non_Synon:0,S>S:0;Synon:4;Non_Synon:0,V>V:0;Synon:5;Non_Synon:0,V>V:0;Synon:6;Non_Synon:0,L>L:0;Synon:7;Non_Synon:0,S>S:0;Synon:8;Non_Synon:0,L>L:0;Synon:9;Non_Synon:0,G>G:0;Synon:10;Non_Synon:0,G>G:0;Synon:11;Non_Synon:0,G>G:0;Synon:12;Non_Synon:0,L>L:0;Synon:13;Non_Synon:0,M>T:81;Synon:13;Non_Synon:1,A>V:64;Synon:13;Non_Synon:2,G>G:0;Synon:14;Non_Synon:2,L>L:0;Synon:15;Non_Synon:2,S>S:0;Synon:16;Non_Synon:2,W>W:0;Synon:17;Non_Synon:2,F>F:0;Synon:18;Non_Synon:2,M>M:0;Synon:19;Non_Synon:2
ND6	Pomatorhinus_ruficollis	RN_44	RN_50	8:CTA>TTA;16:GGG>GGA;79:CCA>CCG;88:GTT>ATT;127:TTA>TTG;	5	L>L:0;Synon:1;Non_Synon:0,G>G:0;Synon:2;Non_Synon:0,P>P:0;Synon:3;Non_Synon:0,V>M:21;Synon:3;Non_Synon:1,L>L:0;Synon:4;Non_Synon:1
ND6	Pomatorhinus_ruficollis	RN_44	RN_16	8:CTA>TTA;16:GGG>GGA;32:CTG>TTA;39:GGG>GGA;58:GTC>GTT;63:ATG>ATA;75:GCG>GCA;96:TTG>CTG;143:TTC>TTT;148:TGA>TGG;151:TTG>TTA;159:GAG>GAA;163:GGT>GGG;	13	L>L:0;Synon:1;Non_Synon:0,G>G:0;Synon:2;Non_Synon:0,L>L:0;Synon:3;Non_Synon:0,G>G:0;Synon:4;Non_Synon:0,V>V:0;Synon:5;Non_Synon:0,M>M:0;Synon:6;Non_Synon:0,A>A:0;Synon:7;Non_Synon:0,L>L:0;Synon:8;Non_Synon:0,F>F:0;Synon:9;Non_Synon:0,W>W:0;Synon:10;Non_Synon:0,L>L:0;Synon:11;Non_Synon:0,E>E:0;Synon:12;Non_Synon:0,G>G:0;Synon:13;Non_Synon:0
ND6	Pomatorhinus_ruficollis	RN_44	RN_11	8:CTA>TTA;16:GGG>GGA;32:CTG>TTA;39:GGG>GGA;58:GTC>GTT;61:GGG>GGA;63:ATG>ATA;74:GCG>GCA;96:TTG>CTG;138:TGA>TGG;143:TTC>TTT;148:TGA>TGG;151:TTG>TTA;152:CTA>TTA;159:GAG>GAA;161:GTG>GTT;163:GGT>GGG;	17	L>L:0;Synon:1;Non_Synon:0,G>G:0;Synon:2;Non_Synon:0,L>L:0;Synon:3;Non_Synon:0,G>G:0;Synon:4;Non_Synon:0,V>V:0;Synon:5;Non_Synon:0,G>G:0;Synon:6;Non_Synon:0,M>M:0;Synon:7;Non_Synon:0,A>A:0;Synon:8;Non_Synon:0,L>L:0;Synon:9;Non_Synon:0,W>W:0;Synon:10;Non_Synon:0,F>F:0;Synon:11;Non_Synon:0,W>W:0;Synon:12;Non_Synon:0,L>L:0;Synon:13;Non_Synon:0,L>L:0;Synon:14;Non_Synon:0,E>E:0;Synon:15;Non_Synon:0,M>V:21;Synon:15;Non_Synon:1,G>G:0;Synon:16;Non_Synon:1
ND6	Pomatorhinus_ruficollis	RN_44	RN_67	8:CTA>TTA;16:GGG>GGA;21:TCC>TCT;23:CCC>CCT;32:CTG>TTG;36:TCT>TCC;58:GTC>GTT;64:TTG>CTG;72:TCG>TCA;73:CTA>CTG;78:TAC>TAT;83:GGG>GGT;89:GGG>GGT;92:CTT>TTT;93:GGG>GGA;96:TTG>CTG;99:ACG>ATG;102:ATT>ATC;120:GTT>GCT;127:TTA>TTG;137:TCA>TCG;138:TGA>TGG;143:TTC>TTT;145:ATT>ATC;	24	L>L:0;Synon:1;Non_Synon:0,G>G:0;Synon:2;Non_Synon:0,S>S:0;Synon:3;Non_Synon:0,P>P:0;Synon:4;Non_Synon:0,L>L:0;Synon:5;Non_Synon:0,S>S:0;Synon:6;Non_Synon:0,V>V:0;Synon:7;Non_Synon:0,L>L:0;Synon:8;Non_Synon:0,S>S:0;Synon:9;Non_Synon:0,L>L:0;Synon:10;Non_Synon:0,Y>Y:0;Synon:11;Non_Synon:0,G>G:0;Synon:12;Non_Synon:0,G>G:0;Synon:13;Non_Synon:0,L>F:22;Synon:13;Non_Synon:1,G>G:0;Synon:14;Non_Synon:1,L>L:0;Synon:15;Non_Synon:1,T>M:81;Synon:15;Non_Synon:2,M>M:0;Synon:16;Non_Synon:2,V>A:64;Synon:16;Non_Synon:3,L>L:0;Synon:17;Non_Synon:3,S>S:0;Synon:18;Non_Synon:3,W>W:0;Synon:19;Non_Synon:3,F>F:0;Synon:20;Non_Synon:3,M>M:0;Synon:21;Non_Synon:3
ND6	Pomatorhinus_ruficollis	RN_44	RN_20	8:CTA>TTA;16:GGG>GGA;51:GTT>GTC;58:GTC>GTA;78:TAC>TAT;121:GGC>GGT;143:TTC>TTT;	7	L>L:0;Synon:1;Non_Synon:0,G>G:0;Synon:2;Non_Synon:0,V>V:0;Synon:3;Non_Synon:0,V>V:0;Synon:4;Non_Synon:0,Y>Y:0;Synon:5;Non_Synon:0,G>G:0;Synon:6;Non_Synon:0,F>F:0;Synon:7;Non_Synon:0
ND6	Pomatorhinus_ruficollis	RN_50	RN_16	32:CTG>TTA;39:GGG>GGA;58:GTC>GTT;63:ATG>ATA;75:GCG>GCA;79:CCG>CCA;88:ATT>GTT;96:TTG>CTG;127:TTG>TTA;143:TTC>TTT;148:TGA>TGG;151:TTG>TTA;159:GAG>GAA;163:GGT>GGG;	14	L>L:0;Synon:1;Non_Synon:0,G>G:0;Synon:2;Non_Synon:0,V>V:0;Synon:3;Non_Synon:0,M>M:0;Synon:4;Non_Synon:0,A>A:0;Synon:5;Non_Synon:0,P>P:0;Synon:6;Non_Synon:0,M>V:21;Synon:6;Non_Synon:1,L>L:0;Synon:7;Non_Synon:1,L>L:0;Synon:8;Non_Synon:1,F>F:0;Synon:9;Non_Synon:1,W>W:0;Synon:10;Non_Synon:1,L>L:0;Synon:11;Non_Synon:1,E>E:0;Synon:12;Non_Synon:1,G>G:0;Synon:13;Non_Synon:1
ND6	Pomatorhinus_ruficollis	RN_50	RN_11	32:CTG>TTA;39:GGG>GGA;58:GTC>GTT;61:GGG>GGA;63:ATG>ATA;74:GCG>GCA;79:CCG>CCA;88:ATT>GTT;96:TTG>CTG;127:TTG>TTA;138:TGA>TGG;143:TTC>TTT;148:TGA>TGG;151:TTG>TTA;152:CTA>TTA;159:GAG>GAA;161:GTG>GTT;163:GGT>GGG;	18	L>L:0;Synon:1;Non_Synon:0,G>G:0;Synon:2;Non_Synon:0,V>V:0;Synon:3;Non_Synon:0,G>G:0;Synon:4;Non_Synon:0,M>M:0;Synon:5;Non_Synon:0,A>A:0;Synon:6;Non_Synon:0,P>P:0;Synon:7;Non_Synon:0,M>V:21;Synon:7;Non_Synon:1,L>L:0;Synon:8;Non_Synon:1,L>L:0;Synon:9;Non_Synon:1,W>W:0;Synon:10;Non_Synon:1,F>F:0;Synon:11;Non_Synon:1,W>W:0;Synon:12;Non_Synon:1,L>L:0;Synon:13;Non_Synon:1,L>L:0;Synon:14;Non_Synon:1,E>E:0;Synon:15;Non_Synon:1,M>V:21;Synon:15;Non_Synon:2,G>G:0;Synon:16;Non_Synon:2
ND6	Pomatorhinus_ruficollis	RN_50	RN_67	21:TCC>TCT;23:CCC>CCT;32:CTG>TTG;36:TCT>TCC;58:GTC>GTT;64:TTG>CTG;72:TCG>TCA;73:CTA>CTG;78:TAC>TAT;79:CCG>CCA;83:GGG>GGT;88:ATT>GTT;89:GGG>GGT;92:CTT>TTT;93:GGG>GGA;96:TTG>CTG;99:ACG>ATG;102:ATT>ATC;120:GTT>GCT;137:TCA>TCG;138:TGA>TGG;143:TTC>TTT;145:ATT>ATC;	23	S>S:0;Synon:1;Non_Synon:0,P>P:0;Synon:2;Non_Synon:0,L>L:0;Synon:3;Non_Synon:0,S>S:0;Synon:4;Non_Synon:0,V>V:0;Synon:5;Non_Synon:0,L>L:0;Synon:6;Non_Synon:0,S>S:0;Synon:7;Non_Synon:0,L>L:0;Synon:8;Non_Synon:0,Y>Y:0;Synon:9;Non_Synon:0,P>P:0;Synon:10;Non_Synon:0,G>G:0;Synon:11;Non_Synon:0,M>V:21;Synon:11;Non_Synon:1,G>G:0;Synon:12;Non_Synon:1,L>F:22;Synon:12;Non_Synon:2,G>G:0;Synon:13;Non_Synon:2,L>L:0;Synon:14;Non_Synon:2,T>M:81;Synon:14;Non_Synon:3,M>M:0;Synon:15;Non_Synon:3,V>A:64;Synon:15;Non_Synon:4,S>S:0;Synon:16;Non_Synon:4,W>W:0;Synon:17;Non_Synon:4,F>F:0;Synon:18;Non_Synon:4,M>M:0;Synon:19;Non_Synon:4
ND6	Pomatorhinus_ruficollis	RN_50	RN_20	51:GTT>GTC;58:GTC>GTA;78:TAC>TAT;79:CCG>CCA;88:ATT>GTT;121:GGC>GGT;127:TTG>TTA;143:TTC>TTT;	8	V>V:0;Synon:1;Non_Synon:0,V>V:0;Synon:2;Non_Synon:0,Y>Y:0;Synon:3;Non_Synon:0,P>P:0;Synon:4;Non_Synon:0,M>V:21;Synon:4;Non_Synon:1,G>G:0;Synon:5;Non_Synon:1,L>L:0;Synon:6;Non_Synon:1,F>F:0;Synon:7;Non_Synon:1
ND6	Pomatorhinus_ruficollis	RN_16	RN_11	61:GGG>GGA;74:GCG>GCA;75:GCA>GCG;138:TGA>TGG;152:CTA>TTA;161:GTG>GTT;	6	G>G:0;Synon:1;Non_Synon:0,A>A:0;Synon:2;Non_Synon:0,A>A:0;Synon:3;Non_Synon:0,W>W:0;Synon:4;Non_Synon:0,L>L:0;Synon:5;Non_Synon:0,M>V:21;Synon:5;Non_Synon:1
ND6	Pomatorhinus_ruficollis	RN_16	RN_67	21:TCC>TCT;23:CCC>CCT;32:TTA>TTG;36:TCT>TCC;39:GGA>GGG;63:ATA>ATG;64:TTG>CTG;72:TCG>TCA;73:CTA>CTG;75:GCA>GCG;78:TAC>TAT;83:GGG>GGT;89:GGG>GGT;92:CTT>TTT;93:GGG>GGA;99:ACG>ATG;102:ATT>ATC;120:GTT>GCT;127:TTA>TTG;137:TCA>TCG;138:TGA>TGG;145:ATT>ATC;148:TGG>TGA;151:TTA>TTG;159:GAA>GAG;163:GGG>GGT;	26	S>S:0;Synon:1;Non_Synon:0,P>P:0;Synon:2;Non_Synon:0,L>L:0;Synon:3;Non_Synon:0,S>S:0;Synon:4;Non_Synon:0,G>G:0;Synon:5;Non_Synon:0,M>M:0;Synon:6;Non_Synon:0,L>L:0;Synon:7;Non_Synon:0,S>S:0;Synon:8;Non_Synon:0,L>L:0;Synon:9;Non_Synon:0,A>A:0;Synon:10;Non_Synon:0,Y>Y:0;Synon:11;Non_Synon:0,G>G:0;Synon:12;Non_Synon:0,G>G:0;Synon:13;Non_Synon:0,L>F:22;Synon:13;Non_Synon:1,G>G:0;Synon:14;Non_Synon:1,T>M:81;Synon:14;Non_Synon:2,M>M:0;Synon:15;Non_Synon:2,V>A:64;Synon:15;Non_Synon:3,L>L:0;Synon:16;Non_Synon:3,S>S:0;Synon:17;Non_Synon:3,W>W:0;Synon:18;Non_Synon:3,M>M:0;Synon:19;Non_Synon:3,W>W:0;Synon:20;Non_Synon:3,L>L:0;Synon:21;Non_Synon:3,E>E:0;Synon:22;Non_Synon:3,G>G:0;Synon:23;Non_Synon:3
ND6	Pomatorhinus_ruficollis	RN_16	RN_20	32:TTA>CTG;39:GGA>GGG;51:GTT>GTC;58:GTT>GTA;63:ATA>ATG;75:GCA>GCG;78:TAC>TAT;96:CTG>TTG;121:GGC>GGT;148:TGG>TGA;151:TTA>TTG;159:GAA>GAG;163:GGG>GGT;	13	L>L:0;Synon:1;Non_Synon:0,G>G:0;Synon:2;Non_Synon:0,V>V:0;Synon:3;Non_Synon:0,V>V:0;Synon:4;Non_Synon:0,M>M:0;Synon:5;Non_Synon:0,A>A:0;Synon:6;Non_Synon:0,Y>Y:0;Synon:7;Non_Synon:0,L>L:0;Synon:8;Non_Synon:0,G>G:0;Synon:9;Non_Synon:0,W>W:0;Synon:10;Non_Synon:0,L>L:0;Synon:11;Non_Synon:0,E>E:0;Synon:12;Non_Synon:0,G>G:0;Synon:13;Non_Synon:0
ND6	Pomatorhinus_ruficollis	RN_11	RN_67	21:TCC>TCT;23:CCC>CCT;32:TTA>TTG;36:TCT>TCC;39:GGA>GGG;61:GGA>GGG;63:ATA>ATG;64:TTG>CTG;72:TCG>TCA;73:CTA>CTG;74:GCA>GCG;78:TAC>TAT;83:GGG>GGT;89:GGG>GGT;92:CTT>TTT;93:GGG>GGA;99:ACG>ATG;102:ATT>ATC;120:GTT>GCT;127:TTA>TTG;137:TCA>TCG;145:ATT>ATC;148:TGG>TGA;151:TTA>TTG;152:TTA>CTA;159:GAA>GAG;161:GTT>GTG;163:GGG>GGT;	28	S>S:0;Synon:1;Non_Synon:0,P>P:0;Synon:2;Non_Synon:0,L>L:0;Synon:3;Non_Synon:0,S>S:0;Synon:4;Non_Synon:0,G>G:0;Synon:5;Non_Synon:0,G>G:0;Synon:6;Non_Synon:0,M>M:0;Synon:7;Non_Synon:0,L>L:0;Synon:8;Non_Synon:0,S>S:0;Synon:9;Non_Synon:0,L>L:0;Synon:10;Non_Synon:0,A>A:0;Synon:11;Non_Synon:0,Y>Y:0;Synon:12;Non_Synon:0,G>G:0;Synon:13;Non_Synon:0,G>G:0;Synon:14;Non_Synon:0,L>F:22;Synon:14;Non_Synon:1,G>G:0;Synon:15;Non_Synon:1,T>M:81;Synon:15;Non_Synon:2,M>M:0;Synon:16;Non_Synon:2,V>A:64;Synon:16;Non_Synon:3,L>L:0;Synon:17;Non_Synon:3,S>S:0;Synon:18;Non_Synon:3,M>M:0;Synon:19;Non_Synon:3,W>W:0;Synon:20;Non_Synon:3,L>L:0;Synon:21;Non_Synon:3,L>L:0;Synon:22;Non_Synon:3,E>E:0;Synon:23;Non_Synon:3,V>M:21;Synon:23;Non_Synon:4,G>G:0;Synon:24;Non_Synon:4
ND6	Pomatorhinus_ruficollis	RN_11	RN_20	32:TTA>CTG;39:GGA>GGG;51:GTT>GTC;58:GTT>GTA;61:GGA>GGG;63:ATA>ATG;74:GCA>GCG;78:TAC>TAT;96:CTG>TTG;121:GGC>GGT;138:TGG>TGA;148:TGG>TGA;151:TTA>TTG;152:TTA>CTA;159:GAA>GAG;161:GTT>GTG;163:GGG>GGT;	17	L>L:0;Synon:1;Non_Synon:0,G>G:0;Synon:2;Non_Synon:0,V>V:0;Synon:3;Non_Synon:0,V>V:0;Synon:4;Non_Synon:0,G>G:0;Synon:5;Non_Synon:0,M>M:0;Synon:6;Non_Synon:0,A>A:0;Synon:7;Non_Synon:0,Y>Y:0;Synon:8;Non_Synon:0,L>L:0;Synon:9;Non_Synon:0,G>G:0;Synon:10;Non_Synon:0,W>W:0;Synon:11;Non_Synon:0,W>W:0;Synon:12;Non_Synon:0,L>L:0;Synon:13;Non_Synon:0,L>L:0;Synon:14;Non_Synon:0,E>E:0;Synon:15;Non_Synon:0,V>M:21;Synon:15;Non_Synon:1,G>G:0;Synon:16;Non_Synon:1
ND6	Pomatorhinus_ruficollis	RN_67	RN_20	21:TCT>TCC;23:CCT>CCC;32:TTG>CTG;36:TCC>TCT;51:GTT>GTC;58:GTT>GTA;64:CTG>TTG;72:TCA>TCG;73:CTG>CTA;83:GGT>GGG;89:GGT>GGG;92:TTT>CTT;93:GGA>GGG;96:CTG>TTG;99:ATG>ACG;102:ATC>ATT;120:GCT>GTT;121:GGC>GGT;127:TTG>TTA;137:TCG>TCA;138:TGG>TGA;145:ATC>ATT;	22	S>S:0;Synon:1;Non_Synon:0,P>P:0;Synon:2;Non_Synon:0,L>L:0;Synon:3;Non_Synon:0,S>S:0;Synon:4;Non_Synon:0,V>V:0;Synon:5;Non_Synon:0,V>V:0;Synon:6;Non_Synon:0,L>L:0;Synon:7;Non_Synon:0,S>S:0;Synon:8;Non_Synon:0,L>L:0;Synon:9;Non_Synon:0,G>G:0;Synon:10;Non_Synon:0,G>G:0;Synon:11;Non_Synon:0,F>L:22;Synon:11;Non_Synon:1,G>G:0;Synon:12;Non_Synon:1,L>L:0;Synon:13;Non_Synon:1,M>T:81;Synon:13;Non_Synon:2,M>M:0;Synon:14;Non_Synon:2,A>V:64;Synon:14;Non_Synon:3,G>G:0;Synon:15;Non_Synon:3,L>L:0;Synon:16;Non_Synon:3,S>S:0;Synon:17;Non_Synon:3,W>W:0;Synon:18;Non_Synon:3,M>M:0;Synon:19;Non_Synon:3
